ShinYongUk,2023-05-23 15:18:35,1. 챕터1 유닛 세팅값 설정
ShinYongUk,2023-05-23 14:30:37,1. 색상 코드 수정 2. 레이어 설정 유닛 빠진 부분 추가
ShinYongUk,2023-05-23 12:34:05,1. 특징에 맞춰서 재질 변경 2. 라이센스 추가
ShinYongUk,2023-05-23 08:51:36,1. 몹 컨셉 커밋 2. 즉사 Kill 메소드 사용하도록 수정
ShinYongUk,2023-05-23 08:49:15,1. 몬스터 컨셉 커밋
Riza,2023-05-22 22:14:29,1. Ancient 등급 색상 변경 2. 변경에 따른 프리팹 색상 모두 변경 3. 변경에 따른 유닛 쉐이더 변경
ShinYongUk,2023-05-22 21:10:22,1. 애니메이션 스크립트 연결
ShinYongUk,2023-05-22 18:14:31,1. 챕터 1 유닛 애니메이션 수정 2. 일부 유닛 챕터 2로 이동 3. 안쓰는 애니메이션 제거
ShinYongUk,2023-05-22 13:00:33,1. 챕터 1 프리팹에 스크립트 연결
ShinYongUk,2023-05-22 12:42:43,1. 챕터 1 적 유닛 스크립트 추가 후 연결
ShinYongUk,2023-05-22 12:05:40,1. 챕터 유닛 크기 재조정 2. 챕터 1 유닛 프리팹 추가(사이즈 조절 등..) 3. 챕터 2 유닛 매쉬 통합 4. 적 몬스터도 hp바 최상단 위치하게 수정
ShinYongUk,2023-05-21 20:38:59,1. 챕터 유닛 크기 재조정
ShinYongUk,2023-05-21 17:41:39,1. 아군 유닛 살아날때 지워야 하는 데이터 제거
ShinYongUk,2023-05-21 17:14:05,1. 적 유닛 먹는 보스 추가 2. 2챕터로 만든 몹 전부 옮김 3. HP 쉐이더 최상단에 올라오도록 추가 4. 하이라이트 매쉬 컴바인하도록 설정 5. 아군 유닛 see through 추가 6. 맞을때 애니메이션 -> 스턴때로 변경(너무 많이 실행돼서) 7. see through 에셋 추가
ShinYongUk,2023-05-21 00:53:12,1. 맵 충돌 체크 범위가 너무 작아서 좀 더 늘림 2. 맵 위치 300  300 으로 변경(유닛 생성위치가 0 0 0 이라 겹치면서 카메라에 잡힘)
ShinYongUk,2023-05-21 00:28:26,1. 맵 충돌 시 이펙트 재생 2. 성 체력 없을떄 나오는 효과 좀 더 세부적으로 나눔 3. 적 120초 지나서 업그레이드 될때 경고 표시
ShinYongUk,2023-05-20 01:22:28,1. 1챕터에서 사용할 몬스터  맵 에셋 추가 4
ShinYongUk,2023-05-20 00:35:13,1. 1챕터에서 사용할 몬스터  맵 에셋 추가 3
ShinYongUk,2023-05-20 00:18:37,1. 1챕터에서 사용할 몬스터  맵 에셋 추가 2
ShinYongUk,2023-05-20 00:06:10,1. 1챕터에서 사용할 몬스터  맵 에셋 추가
ShinYongUk,2023-05-19 13:42:37,1. 최대 Hp 최소값 100 상수처리 2. 스텟을 직접적으로 바꾸는 부분 UpgradeStat 경유하도록 변경
ShinYongUk,2023-05-19 13:10:33,1. 라이트 맵 재적용 2. 힐 스킬은 피없는 유닛이 있을때에만 찾아감 3. MaxHp 증가시키거나 감소시킬떄 hp도 같은 값이 변화하도록 추가 4. MaxHp 최소값 100으로 설정 5. 카운트 텍스트 팝업 어색한 부분 수정
ShinYongUk,2023-05-19 11:12:58,1. 로비 조명 조절 2. 불필요한 그림자 연산 제거
ShinYongUk,2023-05-19 10:27:58,1. 라이트맵 다시굽고 실시간 조명 하나 추가 2. 어색한 이펙트 수정 3. y고정일때 아예 스킬회전이 안되는 문제 수정 4. 텍스트 팝업 업데이트 속도 프레임(30)에 맞춰서 조정
ShinYongUk,2023-05-18 18:50:48,1. 안쓰는 매개변수 삭제 2. 데모용으로 지워놨던 챕터 버튼 생성 3. 버프스킬쪽에 로그 추가 4. 어드레서블 세팅 되돌려놓음
Riza,2023-05-18 11:52:50,1. 게임 시작시 게임명 및 스튜디오 이름 Text 변경
ShinYongUk,2023-05-18 07:41:34,1. 라운드쪽 안쓰는 코드 떄문에 빌드 안돼서 제거
ShinYongUk,2023-05-18 07:35:07,1. 플레이어 업그레이드 쪽 버그 수정 2. 버프스킬은 방향이 0으로 나오는 버그 수정 3. 타임 스케일 안받는 이펙트 수정 4. 데모 빌드용 확률 조정 초기 골드 3천으로 설정
Riza,2023-05-18 06:01:33,1. Skill  SkillEffect 스크립트에 디버깅 코드 추가(Skill 작업 끝나면 디버깅 코드 전부 삭제) 2. TestManager에 아군 유닛 체력도 올려주는 코드 추가 3. 체력 올려주는 값 증가 4. CameraManager에 IsFreeze 변수 추가 5. 4번을 이용해서 카메라 움직임 여부 추가(쉐이킹은 해당 안됨) 6. 작업한 스킬 프리팹과 SO 수정 7. Castle 이미지 수정
ShinYongUk,2023-05-18 05:46:22,1. 같은 유닛 포인트에 추가 하지 않도록 예외 처리 2. 죽은 유닛 바꾸면 타이머 초기화 3. 유물 값 오류 있던 부분 수정
ShinYongUk,2023-05-18 04:31:34,1. 유닛 부활 타이머 2번 도는 이슈 수정
ShinYongUk,2023-05-18 04:23:57,1. 유닛 패널 바로 키면 널 에러 나는 문제 수정 2. 유닛 패널 키면 아래 아이템들도 UI 업데이트 3. 유닛 변경 시 포커스 안맞추고 하게되면 안바뀌는 문제 수정 4. 아군 유닛은 부활 하게 끔 재설정 5. null 예외처리 추가 6. 유닛 remove는 필요없어서 제거 7. 유물 해제 타이밍 달랐던 버그 수정
ShinYongUk,2023-05-18 03:14:46,1. 카메라 흔들림 추가 2. 세팅값 일부 변경 3. 세팅매니저 바뀐 값 색상 추가  업데이트 버튼 추가
Riza,2023-05-18 02:07:51,1. 성 이미지 수정
ShinYongUk,2023-05-18 01:37:00,1. 레전드리 메이 세팅값 잘못들어간 부분 수정 2. 블러드 이펙트 널처리 3. dlgrelicchange 글자 간격 조정 4. 코루틴 여러개 실행되던 문제 수정
ShinYongUk,2023-05-18 01:03:12,1. 이미지 일부 압축률 낮춤 2. 픽업쪽 널 오류나는 버그 수정 3. 널 예외처리 추가
ShinYongUk,2023-05-18 01:01:53,1. 유물 선택안하고 나갔는데도 바뀌는 문제 수정 2. 최단 거리 포인트 찾을때 본인도 포함해서 힐러 유닛에서 생기는 문제 수정 3. TestManager 베이스 타임스케일 바꾸도록 수정 4. 성도 이미지 적용 5. 방어력 500 이상일때 수치에 0.01 곱해주도록 추가
ShinYongUk,2023-05-17 23:56:50,1. null 예외처리 추가 2. 데모 한정 확률 업(테스트 겸) 3. 유물 변경 어색한 UI 수정
ShinYongUk,2023-05-17 23:42:02,1. isblockspawn 반대로 들어가 있던 부분 수정
ShinYongUk,2023-05-17 23:33:11,1. 유닛 스텟 + 표시할때 -는 빨강색으로 표기 2. 영웅 사진 적용 3. 적 유닛 생성 카운트 조절 4. 유물 변경 UI 오류 수정 일부 UI 구조 변경
ShinYongUk,2023-05-17 20:51:46,1. 미개발된 temp 1/2 임시로 active false 처리 2. 세팅값 잘못 표시되는 부분 수정 3. 세팅값 스위치 클릭 무반응 수정
ShinYongUk,2023-05-17 20:23:57,1. 공격 시 방향전환은 xz만 하게끔 변경 2. 유물 판매 이벤트 연결/ 판매하면 재정렬 3. 툴팁 시간 영향 안받게 변경
ShinYongUk,2023-05-17 20:04:24,1. 유닛 디졸브 속도 증가 2. 높이가 다른데 사거리가 안 닿을 경우 공격할 때 가지 않고 이동하도록 변경 3. 자폭 스킬 널 예외처리 4. 성 hp 널 처리
ShinYongUk,2023-05-17 19:35:06,1. 맵 압축 2. deathMesh null 체크 추가 3. 성 위치 크기 조정
ShinYongUk,2023-05-17 18:22:53,1. 유물 판매 기능 추가 2. 클린버튼 사용하는 UI 중 하얀색인 부분 컬러 틴트로 변경 3. 옵션 변경시 onValueChange 실행 안되던 버그 수정 4. 다음 라운드 넘어가는 버튼에 애니메이션 적용 5. 드론 모드 연구 시 버튼 활성화되도록 수정 6. 성 스킬 추가(화살)
ShinYongUk,2023-05-17 17:05:16,1. 유물 자연스럽게 선택되도록 수정 2. 같은 등급이면 판매하지 않던 버그 수정 3. 메시지 박스가 닫히면서 시간 정지가 풀리는 버그 수정 4. 드론 최대 개수 추가 시 update 되도록 수정 5. 유닛 죽었을 때에는 엑스트라 스킬 사용 못하게 설정 6 성 설정값 변경 7. 어색한 애니메이션 가진 Lacercharias 사용 중지 8. 글자 사라지는 속도 좀 낮게 조정
ShinYongUk,2023-05-17 15:32:36,1. 마우스 유물 설명 창 언어 바뀔 때 같이 변경 2. 랠릭 스위치 변경 3. 랠릭쪽 처음 키면 정렬해서 보여주도록 설정 4. 로컬라이제이션 쪽 커스텀액션으로 변경 5. 유물 선택창 클릭 아이콘 사라지는 부분 수정 6. 방어력 감소 계산식 버그 수정
ShinYongUk,2023-05-17 13:26:05,1. 이미지 압축
ShinYongUk,2023-05-17 13:15:24,1. 안쓰는 어드레서블 주소 제거 2. 전체화면 거꾸로 플래그 들어가 있던 부분 수정 3. 이미지 압축
Riza,2023-05-17 12:29:29,1. 아직 개발 덜 된 유물인지 구분하는 bool 추가 2. ReicBag에서 랜덤하게 가져올때 개발이 완료된건지 조건 추가 (차후에 개발이 모두 완료되면 삭제)
ShinYongUk,2023-05-17 09:34:59,1. json 저장 -> newton 으로 변경 2. 안 쓰는 using 문 제거
Riza,2023-05-17 08:06:47,1. MessageBox 뜰때 시간 멈추게 수정 2. Castle 프리팹에 Skill 데이터 누락된거 수정 3. 카메라 이동반경 수정 4. 플레이 상황이 아니라면 카메라 이동하지 않게 수정 5. 차후 Unit에 바로바로 카메라 이동할 수 있게 임시로 함수 하나 제작
Riza,2023-05-17 03:45:51,1. 누락된 로컬라이제이션 변경 코드 수정
Riza,2023-05-17 03:40:52,1. 로컬라이제이션 키값 변경 2. 키값 변경에 따른 스크립트 변경 3. 현재 존재하는 몬스터 체력 올려주는 테스트 코드 추가 및 골드 추가해주는 코드 추가
ShinYongUk,2023-05-17 01:40:58,1. 랠릭 없는거면 돈 0원으로 표시
ShinYongUk,2023-05-17 01:38:56,1. relicinfo 업데이트 바로 안되는 문제 수정 2. 인게임 엑스트라 스킬 이미지 업데이트 되도록 수정 3. 스폰유닛은 스폰몹으로 처리
ShinYongUk,2023-05-17 01:02:17,1. 적 유닛 합 네임드랑 보스도 포함되게 수정 2. 유물 선택창 line 간격 넓힘 3. 다이얼로그 유물쪽 배경색 제거(어색) 4. button manager에서 텍스트 바꿔서 로컬라이제이션 섞이는 문제 수정 5. 셋업 라운드에서 로비 나갈시 안나가지는 문제 수정 6. .Net Standard 2.1로 변경(save쪽 문제) 7. aws s3 올리는 파일 이그노어 추가
ShinYongUk,2023-05-16 22:26:25,1. 라운드 결과창 잘 안보이는 글씨 색상 수정 2. 랠릭 선택창은 디폴트 없도록 설정 3. 툴팁 auto size off(어색) 4. 유물 설명 색 어색한 부분 수정 5. 유물 다이얼로그 처음에 정렬 안되는거 수정 6. 유물 다이얼로그 클릭한거 mat 때문에 마스크 적용안되는 부분 수정
ShinYongUk,2023-05-16 21:18:42,1. 라운드 세팅 안되어있으면 버튼 안보이게 처리 2. 애니메이션 인터럽트 설정 잘못되어있어서 수정 3. 맵이 0.2 만큼 올라가 있어서 맵을 전체적으로 0.4 낮춰줌(그에 맞춰서 0.2 올렸던 부분들 전부 내림) 4. 디졸브 색상 수정 5. 스페셜 유닛 없어서 그쪽 확률 0프로 임시 처리 6. 라운드 끝나고 enterstatus 중복되는 문제 수정 7. 디졸브 skinnedrenderer라서 재생안되는 문제 수정
Riza,2023-05-16 17:02:01,1. Castle 프리팹 스케일 사이즈 변경
Riza,2023-05-16 16:58:19,1. Castle 프리팹 수정/ 어드레서블 수정
Riza,2023-05-16 16:52:00,On dev_ToonShader: !!GitHub_Desktop<dev_ToonShader>
Riza,2023-05-16 16:52:00,index on dev_ToonShader: d62c7db97 1. 수정할 수 있게 원본 Castle 프리팹 수정 2. SMC Castle 프리팹 생성 3. 씬에 Castle 추가
Riza,2023-05-16 16:49:42,1. 수정할 수 있게 원본 Castle 프리팹 수정 2. SMC Castle 프리팹 생성 3. 씬에 Castle 추가
ShinYongUk,2023-05-16 13:44:18,1. 유닛 이동시 베이스포인트 지정해주는 부분 빠져있어서 추가
ShinYongUk,2023-05-16 12:23:38,1. 보스 시작시 유닛 수만큼 업글 해주는 특성 추가
ShinYongUk,2023-05-16 12:21:31,1. 세팅 매니저 드로어 성능 튜닝 2. 적 몬스터 세팅값 추가 3. 스텟 퍼센테이지 양쪽에서 관리하는 부분 한곳으로 통합 4. 포인트에 이동못하게 막는 플래그 추가
Riza,2023-05-16 10:21:40,1. 누락된 스프라이트 메타파일 추가
Riza,2023-05-16 03:53:09,1. Castle 프리팹 추가 2. 기존 Castle 이름 TempCastle로 변경 2. 캐릭터 6종 및 Castle 스프라이트 추가
Riza,2023-05-16 03:44:53,1. 성 프리팹 생성 2. 캐릭터캡처카메라 스크립트 수정 3. 이미지 삭제
ShinYongUk,2023-05-16 01:47:42,1. 네임드/ 보스 유닛 스킬 일부 적용
ShinYongUk,2023-05-16 01:23:02,1. 스킬 회전 전부 막는게 아니라 y축만 회전되도록 플래그 변경 2. 보스/ 네임드 스킬/ 컨셉 추가
ShinYongUk,2023-05-15 21:45:51,1. 스킬오브젝트 추가시 오류 제거 2. so 수정 인식 안되는 버그 수정
ShinYongUk,2023-05-15 20:43:53,1. 적 몬스터 애니메이션/ 스크립트 추가 2. 적 유닛이 사용할 기본 공격용 스킬 추가 3. 적 스킬 일부 추가
Riza,2023-05-15 10:18:34,1. 유닛전용카메라 스크립트 작성 2. 유닛전용카메라 씬 제작 3. 유닛캐릭터 스크린샷 파일
ShinYongUk,2023-05-15 09:30:58,1. 적 몬스터 추가 2. 어드레서블 1차 정리
Riza,2023-05-15 08:37:55,1. 유니찬툰쉐이드 에셋 추가 2. 유닛 배치 후 캡쳐할 임시 씬 제작
Riza,2023-05-15 05:46:10,1. 등급 구별이 없는 유물은 Special타입만 반환하도록 수정
Riza,2023-05-15 05:41:08,1. 등급이 없는 유물 ToolTip에 Description 하나만 뜨게 수정
Riza,2023-05-15 04:47:46,1. 일정 유물이 Localization을 통해 string가져올때 못가져오는 버그 수정
ShinYongUk,2023-05-14 23:39:34,1. 적 유닛 생성
ShinYongUk,2023-05-14 16:00:04,1. 랠릭 다이얼로그 버그 일부 수정 2. 버프/ 패시브 이펙트는 유닛 따라다니도록 수정 3. 메시지 박스 버튼 active 초기값 false => true로 변경 4. 랠릭 다른 옵션 설명 보여주는 부분 색깔 추가 등급별로 라인구분
ShinYongUk,2023-05-14 13:18:45,1. 게임오버 다이얼로그 라운드 표시/ 사운드 추가
ShinYongUk,2023-05-14 13:15:18,1. 게임 오버 다이얼로그 추가 2. 경로 적/아군별로 최단/ 랜덤으로 반환하도록 변경
ShinYongUk,2023-05-14 08:49:44,1. 게임 클리어 다이얼로그 추가(임시)
Riza,2023-05-14 04:25:08,1. Common 타입을 Special 타입으로 변경 (임시) 2. AllTypeRelicSet Description 인자 순서 변경
Riza,2023-05-14 04:16:59,1. 기존 유물 프리팹 삭제 2. 새로운 유물 프리팹 추가 3. 어드레서블에 유물 프리팹 추가
Riza,2023-05-14 04:03:53,1. 유물 클래스 데이터 수정 2. SettingManager에 유물 데이터 작성 3. 나머지 유물 Localization 테이블 추가
ShinYongUk,2023-05-14 01:38:21,1. 사거리 2배로 반지름이 아니라 지름이라 2배 곱해주도록 변경 2. 스킬 셋팅 제대로 안되어있던 부분 수정 3. 스킬 y축 고정되어야 하는 스킬 있어서 회전값 고정 플래그 추가 4. 몹 공격할 대상이 사라졌을 경우 성으로 목표 재설정 하는 로직 추가 5. 공격 당할 시 가장 가까운 적으로 목표 바꾸는 로직 문제 수정 6. 방어력 마우스 오버 시 방어력 감소 수치 나오는 기능 추가
Riza,2023-05-14 01:12:10,1. 유물 Localization 1차 추가
Riza,2023-05-14 00:53:42,1. Relic 관련 클래스 생성 및 수정 2. RelicSet 관련 클래스 생성 및 수정 3. ResultRoundInfoUI에서 보여줄 Slot 개수 변수화
ShinYongUk,2023-05-14 00:23:20,1. 사거리 2배로 반지름이 아니라 지름이라 2배 곱해주도록 변경 2. 스킬 셋팅 제대로 안되어있던 부분 수정 3. 스킬 y축 고정되어야 하는 스킬 있어서 회전값 고정 플래그 추가
ShinYongUk,2023-05-13 11:34:23,1. 제니 사거리 13 -> 18로 변경
ShinYongUk,2023-05-13 11:33:08,1. 포인트도 직선 캐스팅 범위 사용할 수 있도록 플래그 추가 2. 스킬 범위 이상한거 일부 수정 3. 스킬 데이터 빠진 부분 기입
ShinYongUk,2023-05-13 10:16:15,1. 캐릭터 제니 생성
Riza,2023-05-13 06:49:24,1. 맵 에셋 추가
ShinYongUk,2023-05-12 20:30:10,1. 같은 이름 등급만 다른 경우 애니메이션 타입 공유하도록 변경 2. 애니메이션 이름 다르게 설정 되있는거 맞추게 설정
ShinYongUk,2023-05-12 19:56:53,1. 캐릭터 november 생성 2. June 레이어 설정 빠진거 수정 3. 버프 유닛 포인트 위치가 아니라 유닛위치로 수정 4. 공격 애니메이션은 반복이 아니라 랜덤으로 재생되도록 변경 5. 개성 패시브스킬로 분류하고 패시브스킬 추가 6. 애니메이션 공격 끝난 후 idle로 돌아가도록 설정
ShinYongUk,2023-05-12 10:00:29,1. 캐릭터 June 생성 2. 유닛 Init 시점 변경 3. 흡혈 연산 * 0.01 빠져있는 부분 수정 4. 확정 크리티컬 연산 추가 5. 버프스킬 이펙트 추가 6. 버프스킬 본인 위치 기준으로 사용 7. 스킬 이펙트 온오프 추가 8. 사용하는 스킬들 스케일/ 쿨타임 조정 9. 세팅매니저드로어 성능 좀더 튜닝
Riza,2023-05-12 04:06:04,1. Intro 연출 좀 더 짧게 수정 2. Outro 연출 작업
ShinYongUk,2023-05-11 15:45:45,1. 스킬 날라가는 이펙트 콜라이더 최대거리에 맞춰서 움직이도록 설정 2. 마우스 휠 속도 5배 증가 3. 캐릭터 June 추가 4. 개성(패시브) 스킬 추가 4. sprite 쉐이더 에셋 추가 5. 일부 에셋 폴더 정리 6. 스텟 값으로 올리거나 뺄 수 있게 기능 추가 7. 어색한 UI 수정 쉐이더 일부 추가
ShinYongUk,2023-05-10 16:44:52,1. 데이터 바인딩용 클래스 캐싱써서 성능 개선 2. awake가 notify보다 늦게 실행되어서 이벤트 등록이 한박자씩 늦는 버그 수정 3. 드론 디버프에 공/ 방어력 감소 10%도 추가
ShinYongUk,2023-05-10 15:44:06,1.빌딩 있는곳으로 이동 되게 변경 2. 포인트는 y값 +1 안 해주는 쪽으로 일단 코딩 3. 드론 로직 연결 및 모델 수정 4. 드론 쪽 버그 수정 5. 다음 노래 재생 5초 딜레이 6. 유닛 죽었을 때 디졸브 두번 발동하는 문제 수정 7. 픽업 기본일 때 소리/ 이펙트 추가 순서대로 열리도록 변경
Riza,2023-05-10 00:37:35,1. Outro 씬 작업 재커밋
Riza,2023-05-10 00:36:22,1. Outro 연출 작업 (씬 배치/ 타임라인 연출)
ShinYongUk,2023-05-09 22:55:02,1. 캐스팅 표시 위치 잘못 잡는 부분 수정 2. 유닛 클릭 UI 좀 더 잘 보이게 수정 3. 캐스팅 중에 적이 이동할 경우 캐스팅 시작 위치에 공격하도록 변경 4. 직선 경로 표시해주는거 자연스럽게 변경
ShinYongUk,2023-05-09 19:47:06,1. July 캐릭터 추가  2. 스킬 이펙트 빛 연산 제거 3. 유닛 쉐이더 변경 4. 유닛들 그림자 off로 변경
ShinYongUk,2023-05-09 13:03:17,1. 사용할 유닛 에셋 추가
ShinYongUk,2023-05-09 13:01:05,1. 외부 에셋 폴더 정리
ShinYongUk,2023-05-09 12:58:56,1. 외부 에셋 폴더 정리
ShinYongUk,2023-05-09 12:56:15,1. 외부 에셋 폴더 정리
ShinYongUk,2023-05-09 12:51:13,1. 외부 에셋 폴더 정리
ShinYongUk,2023-05-09 12:49:50,1. 외부 에셋 폴더 정리
ShinYongUk,2023-05-09 12:49:12,1. 외부 에셋 폴더 정리
ShinYongUk,2023-05-09 12:46:20,1. 외부 에셋 폴더 정리
ShinYongUk,2023-05-09 12:42:49,1. 외부 에셋 폴더 정리
ShinYongUk,2023-05-09 12:36:38,1. 외부 에셋 폴더 정리
ShinYongUk,2023-05-09 12:29:30,1. 외부 에셋 폴더 정리
ShinYongUk,2023-05-09 12:06:28,1. 픽업 처음에 모두 오픈 버튼이 보이는 버그 수정 2. 스킬 쿨타임 폰트 색 수정 3. 스킬 정보 팝업 이상하게 동작하는 버그 수정 4. 스킬 사용 시 방향이 적을 바라보도록 수정
ShinYongUk,2023-05-09 10:14:14,1. SFX / BGM 연결 2. 배경음 루프에서 랜덤 재생 방식으로 변경 3. 라운드 SetUp에서는 타임스케일 0으로 고정 4. 다이얼로그 캐싱 중에는 sfx 사운드 안들리도록 설정
ShinYongUk,2023-05-08 23:24:01,1. SFX / BGM 연결 2. 사용할 사운드 추가 3. 매니저 씬에 배치하는걸로 변경(생성 타이밍 문제가 잦음)
ShinYongUk,2023-05-08 19:13:48,1. SFX / BGM 연결 2. AudioSource Manager꺼 공용으로 사용하도록 수정 3. 드론 모드 변경 UI 연결 4. 사용할 사운드 추가
ShinYongUk,2023-05-08 12:45:08,1. SFX / BGM 연결 2. Dark 에셋 UI Element 수정해서 SoundManager랑 통합 관리 할 수 있게 변경(그에 맞춰서 커스텀에디터 부분도 변경) 3. CleanButton 기본 값 세팅
ShinYongUk,2023-05-08 00:14:56,1. 사용할 사운드 추가 2.BGM 재생 로직 수정 3. 안쓰는 사운드 삭제
ShinYongUk,2023-05-07 14:02:39,1. 사용할 사운드 추가
ShinYongUk,2023-05-06 22:38:10,1. 사운드 너무 크게 들리거나 너무 작게 들리는 부분 수정 2. 사운드 UI default 마스터 볼륨 on -> 음소거로 변경
ShinYongUk,2023-05-06 18:07:05,1. 키 바인딩 시 마우스 클릭은 입력 안되게 수정 2. 폰트 크기 일부 수정
ShinYongUk,2023-05-06 18:01:24,1. esc 종료 할때 생기는 문제 수정
ShinYongUk,2023-05-06 17:53:54,1. 세팅 다이얼로그 이벤트 연결 2. 개인 세팅 값 이그노어 파일에 추가
ShinYongUk,2023-05-05 12:35:01,1. 세팅 다이얼로그 이벤트 연결 2. 어드레서블 미리 로드해놓기로 변경(끊김 방지) 3. 로비에서 다이얼로그 로드 될때까지 로딩창 표시 4. JSON 저장 DataContract 사용하도록 변경
ShinYongUk,2023-05-04 22:49:28,1. dlgSetting쪽 레이아웃 구성 이상한 부분들 수정 2. 옵션 로드 후 데이터 apply 시키도록 수정
ShinYongUk,2023-05-04 21:26:41,1. 세팅 다이얼로그 UI 구성 이벤트 연결 2. 옵션 관리용 클래스 생성 3. 세팅 매니저에서 옵션 값 관리하도록 변경
ShinYongUk,2023-05-04 13:30:13,1. 결과창 로비로 나가는 버튼 추가 2. 클리어 라운드 수는 별도로 카운팅 3. 스토리 100 클리어시 연출 효과 로직 추가 4. 게임오버 연출 효과 로직 추가  5. 드론 최대 넘을 경우 생성 못하도록 예외처리
ShinYongUk,2023-05-04 12:47:42,1. 유닛 챕터구분 할 때 유닛 자체의 All과 챕터의 All 구분(유닛 자체는 해당 유닛만 모든 챕터에/ 챕터의 All은 모든 유닛이 해당 챕터에) 2. 애니메이션 어색한 부분 수정
ShinYongUk,2023-05-04 10:56:56,1. 라운드 결과 창 유물 선택 UI 생성/ 이벤트 연결 2. 라운드모드 스토리/ 무한 바꿀 시 연출 추가 3. 메시지 박스 폰트 크기 조절
ShinYongUk,2023-05-01 00:15:24,1. 라운드 결과 창 유물 선택 UI 생성/ 이벤트 연결 2. 3챕터는 모든 유닛 나오게 설정 3. 유물최대 개수 6개로 설정 4. 아군 유닛 죽으면 왼쪽에 카운트 표시
ShinYongUk,2023-04-29 22:40:08,1. 120초 이후 적 10초마다 업그레이드 (라운드 시작 시 초기화 - 방어 업그레이드만 해서 계속 버티는거 방지용)
ShinYongUk,2023-04-29 22:00:46,1. 인게임 왼쪽 유저 UI 생성/ 이벤트 연결 2. 라운드 결과 창 유물 선택 UI 생성/ 이벤트 연결 3. 우측 하단 엑스트라 스킬 사용 UI 이벤트 연결 쿨타임 표시 4. 성능 많이먹는 SettingManager Sort 부분 enable로 이동 5. 캐릭터 이름 월 기준으로 변경(챕터 1 봄/여름 2 가을 겨울..)
ShinYongUk,2023-04-29 11:48:02,1. 인게임 유닛 체력 UI 생성 2. 라운드 종료 시 유물 선택 UI 작업 3. 메뉴 UI 좌우로 변경 4. 토글 그룹 disable때 해제되는 버그 수정 5/ 데이터 토글러 이름 변경하고 toggle 전용 displayer 하나 만듬 5. 스킬 시전 중에는 다른 스킬 못 쓰도록 수정
ShinYongUk,2023-04-28 09:46:31,1. 카드 UI 에셋 추가
ShinYongUk,2023-04-28 09:35:42,1. 드워프 에셋 추가
ShinYongUk,2023-04-28 09:25:37,1. dlgpickup 어색한 애니메이션 수정
ShinYongUk,2023-04-28 08:39:06,1. dlg 테스트용 씬 데이터 롤백
ShinYongUk,2023-04-28 08:38:40,1. 유물 UI 이벤트 연결
ShinYongUk,2023-04-27 22:03:17,1. 유물 UI 이벤트 작업 2. 유물에 등급 추가 3. 같은 유물일 경우에 이전꺼는 돈으로 환산해주도록 추가
ShinYongUk,2023-04-26 22:49:29,1. Building UI 이벤트 연결 2. 유물 UI 레이아웃 구조 생성
ShinYongUk,2023-04-26 18:01:55,1. Building UI 이벤트 연결 2. 빌딩 생성 시 등급/ 빌딩 타입 추가  3. 되돌아갈때 픽업 이벤트는 안보이도록 설정
ShinYongUk,2023-04-25 19:00:48,1. 최대 건물 개수 3개로 변경 2. Building UI 작업(레이아웃 구성) 3. dlgtooltipbox 구현
ShinYongUk,2023-04-25 11:54:59,1. Shop -> CustomUnit 으로 변경(일단 버튼클릭은 막아놓고 추후 구현시 풀 예정) 2. DlgStroy쪽 Text 실제 값 기입
ShinYongUk,2023-04-25 11:27:40,1. 같은 상태일때에는 현재 재생중인 애니메이션만 재생하도록 변경
ShinYongUk,2023-04-25 11:18:42,1. isWall 인 부분은 이동 못하게 처리 2. 레이어 설정 잘못되어서 랜더링 안되는 부분 수정
Riza,2023-04-25 05:49:23,1. Starting 타임라인 이름 Intro로 변경 2. Cave 에셋 추가 3. Outro 타임라인용 씬 1차 작업
ShinYongUk,2023-04-25 00:42:23,1. pickup 쓸모없는 ui 삭제/ change 창으로 넘어갔을때 남아있는 UI off
ShinYongUk,2023-04-25 00:36:58,1. 픽업 다이얼로그에서 재구매 했을때 돈이 차감 안되는 문제 수정
ShinYongUk,2023-04-25 00:31:18,1. UI 이펙트 안사라지는 문제 수정
ShinYongUk,2023-04-25 00:14:12,1. 테스트 코드 롤백
ShinYongUk,2023-04-25 00:13:54,1. 유니크 이상 등급 뽑았을 때 애니메이션 추가 2. 다이얼로그 모달형식들은 레이어 분리 3. 스킬 쪽 페이크널 버그 수정 4.
ShinYongUk,2023-04-24 21:11:21,1. 픽업쪽 상위 패널에 마스크가 들어가면서 파티클 시스템쪽 Masking으로 작업해놨던 부분들이 전부 풀리는 버그 수정 2. 유닛 바꾼 후 돌아가면 이상하게 애니메이션 나오는 버그 수정 3. 메시지 박스는 모달형태로 안하게 -> esc 누르면 상위 탭이 종료되어서 어색함
ShinYongUk,2023-04-24 19:39:11,1. 사용할 유닛 추가 2. 안쓰는 유닛 삭제(샘플) 3. 유닛 내적/외적으로 좌우 뒤 애니메이션 구분 4. Riko에 공격 애니메이션 추가 5. 스킬 테스트 함수 추가 6. 픽업 애니메이션 디졸브로 변경 이상한 부분들 수정
ShinYongUk,2023-04-24 00:26:13,1. 캐릭터 에셋 추가 2. 드론 에셋 추가
ShinYongUk,2023-04-23 11:42:07,1. 픽업쪽 이벤트 연결 2. 프로파일/유닛 쪽 버그 수정
ShinYongUk,2023-04-22 20:14:27,1. 픽업 이벤트 로직 일부 추가 2. Item 정보 보여주는 UI에 마우스 끝 위치를 못 잡는 버그 수정 3. 일부 기능 빠진 UI 수정 4. 로컬라이제이션 UI에서 사용하는 부분 추가
ShinYongUk,2023-04-22 17:56:37,1. 유닛/ 픽업 UI에 이벤트 연결 2. 플레이어 할당 하는 부분 분리 3. UI 버그 수정 4. 스킬 레이어 Skill로 지정
ShinYongUk,2023-04-21 23:49:05,1. 픽업 애니메이션 수정 (빠진 파일 추가 커밋)
ShinYongUk,2023-04-21 23:48:08,1. 픽업 애니메이션 수정  2. 버튼 open close로 분할
ShinYongUk,2023-04-21 23:01:29,1. 별 애니메이션 추가 2. 픽업 UI 제작(+ 애니메이션) 3. 로컬라이제이션 픽업관련 데이터 추가 4. Esc로 종료되는 다이얼로그 구분
ShinYongUk,2023-04-19 19:30:18,1. DlgPickUp 추가 2. UI 이펙트 에셋 추가
ShinYongUk,2023-04-19 17:44:23,1. 유닛쪽 바인딩 할 데이터/ 이벤트 생성 2. 유닛쪽 로컬라이제이션 추가
ShinYongUk,2023-04-19 13:20:28,1. 프로필/유닛/스킬 쪽 UI 구성 2. 마우스 enter 이벤트 시 간략 설명 다이얼로그 추가 3. 일부 UI 스크립트 폴더 구조 변경
ShinYongUk,2023-04-19 06:23:47,1. 프로필/유닛/스킬 쪽 UI 구성
ShinYongUk,2023-04-19 00:36:27,1. Unit 쪽 UI 제작(레이아웃 설정 등..)
Riza,2023-04-17 20:50:54,1. 유물 테크놀로지와 구조 동일하게 변경 2. 다익스트라 일부 버그 수정 3. Start에서 처리하는거 Init으로 일부 변경 4. Bag에서 Player 가지고 있도록 변경 5. Intro 연출 씬 구분
ShinYongUk,2023-04-17 16:19:42,1. 빌딩 패널 추가 (건물 업그레이드/ 드론 추가 용도)
ShinYongUk,2023-04-17 13:37:57,1. 스킬 직선 공격 이펙트/ 로직 구현(직선 공격은 관통되는 것처럼 이펙트는 보이지만 해당 포인트만 공격하는 방식) 2. 다익스트라 일부 버그 수정/ 로직 최적화
ShinYongUk,2023-04-16 16:44:33,1. 챕터마다 선택된 유닛이 스폰되도록 변경
ShinYongUk,2023-04-16 14:53:12,1. 보드 경로 어색한 부분 수정 2. 곡선 이동(곡선 처음으로 이동 -> 곡선 -> 목적지로 이동) 변경
ShinYongUk,2023-04-16 00:11:21,1. 테크놀로지 UI 작업 2. 데이터 버튼 인터렉터블 추가 2. 곡선 연달아 있을 때 자연스럽게 이동하도록 수정(테스트 이후 추가적인 수정 필요) 3. Aura 에디터 오류 때문에 임시 삭제 4. UI 텍스트 팝업 버그 수정
ShinYongUk,2023-04-14 23:17:14,1. localization 추가 2. DlgProfile 탭 별로 패널 분리 3. 테크놀로지 쪽 UI 기능 작업
ShinYongUk,2023-04-14 01:33:45,1. 테크놀로지 UI 구현 2. 로컬라이제이션 추가
ShinYongUk,2023-04-13 16:03:06,1. 테크놀로지 로컬라이제이션쪽 가져온느 부분 오류 나는거 수정
ShinYongUk,2023-04-13 15:46:09,1. 트라이포드 이름 세팅값 추가 2. 트라이포드 이름 로컬라이제이션 추가
ShinYongUk,2023-04-13 10:42:17,1. 사망시 즉시부활 -> 부활 대기시간 감소로 변경 2. 테크놀로지 이름 세팅값 추가 3. 테크놀로지 이름 로컬라이제이션 추가 4. 재사용 감소 구현
ShinYongUk,2023-04-12 21:28:49,1. 테크놀로지 프리팹 추가 2. 세팅 매니저 렉걸리는 부분 개선 3. 테크놀로지/ 트라이포드 세팅값 추가 4. 테크놀로지/ 트라이포드  로컬라이제이션 추가
ShinYongUk,2023-04-12 08:17:21,1. 스킬 후 딜레이도 추가
ShinYongUk,2023-04-12 01:19:01,1. 스킬 선 딜레이 추가(시네머신 연출 등.. 선딜레이가 필요한 경우 사용) 2. 확률 연구 추가
ShinYongUk,2023-04-11 19:46:19,1. 등급 쪽 구하는 함수 리팩토링 2. 트라이포드 나머지 기능 추가 3. 잘못 고쳐진 이름 재수정 4. drone에 player정보 들고있게 수정 5. 골드 획득 주기 감소 할 수 있도록 추가
ShinYongUk,2023-04-11 14:03:29,1. 코드 리팩토링(규칙 통일 + 불필요한 부분 제거 + 오류 수정) 2. 트라이포드 일부 추가
ShinYongUk,2023-04-11 12:29:41,1. private 한정자 추가(코드 통일) 2. 일부 트라이포트 추가
ShinYongUk,2023-04-11 12:20:18,1. typeof.name -> nameof 로 변경
ShinYongUk,2023-04-11 12:03:12,1. 라이더를 사용해서 불필요한 코드 제거
ShinYongUk,2023-04-11 11:18:34,1. 라이더 설정
ShinYongUk,2023-04-11 11:13:34,1. 라이더 적용하면서 패키지 추가 2. 트라이포트 일부 구현 3. mob Init -> spawn때 호출되도록 변경
ShinYongUk,2023-04-08 17:20:59,1. Gold 일정 시간마다 증가시키는 컨트롤러 추가 2. 드론 Factory 추가 3. Player의 최대 개수 지정 4. 테크놀로지 기능 구현
ShinYongUk,2023-04-08 10:18:11,1. 헷갈리는 함수명 수정(업그레이드) 2. 프로퍼티 쓸모없는 코드들 제거 3. 자연회복시에는 수치 팝업 표시안되게 수정
ShinYongUk,2023-04-08 09:49:35,Merge branch 'dev' of https://github.com/wowns226/DefenceCastle into dev
ShinYongUk,2023-04-08 09:49:31,1. 자연회복 추가 2. 건물에서 사용할 트라이포드 추가
Riza,2023-04-08 02:24:42,1. 타임라인 작업하면서 비활성화시킨 오브젝트들 활성화 후 다시 커밋 2. 로컬라이제이션 테이블 Key 1차 수정
Riza,2023-04-08 01:50:10,1. 처음 연출 부분 2차 작업 2. 연출에 사용한 오브젝트들 프리팹화 3. 타임라인 폴더 생성
ShinYongUk,2023-04-07 23:00:45,1. 적의 유닛을 저장하고 잇지만 실제로 데이터가 없던 부분 수정 2. 몹의 특정 행동(공격 등..) 시 이벤트 추가 3. 빌딩 유물이 나올 수 있어서 일단 인터페이스만 추가
ShinYongUk,2023-04-07 19:08:06,1. 스킬 / 유물/ 연구에 쓸 아이콘 에셋 추가
ShinYongUk,2023-04-07 11:51:44,1. UI 에셋 추가 2. 안쓰는 setting값들 제거
ShinYongUk,2023-04-06 21:05:59,1. 테크놀로지/ 트라이포트 사용할 클래스 추가
ShinYongUk,2023-04-05 18:55:12,1. 테크놀로지/ 트라이포트 사용할 클래스 추가
ShinYongUk,2023-04-05 11:07:32,1. 1. 첫 실행시 다이얼로그 캐싱하게 변경
ShinYongUk,2023-04-05 08:50:18,1. 기술 핫키 T로 변경
Riza,2023-04-04 20:33:27,1. TimeLine 폴더 생성 2. 시네머신 처음 연출 부분 1차 작업
ShinYongUk,2023-04-04 19:01:33,1. 트라이포트 시스템 추가(모노를 하위 클래스한테 넘겨주도록 코드 작성이 되어버렸는데 추후 수정할 수 있다면 수정)
ShinYongUk,2023-04-04 14:52:56,1. ItemBag 대신 technologyBag 으로 변경 그에 맞춰서 어색한 Add 등.. 로직 제거 2. 기존 Item -> Technology로 변경 3. DlgShop쪽 일단 로직만 제거 (나중에 커스텀유닛으로 변경) 4. 종료시 활성화 유물 등도 제거
ShinYongUk,2023-04-04 06:29:52,1. Death 로직 어색한 부분 수정 2. Gem -> Coin으로 변경 3. 인게임에서도 Setting 단축키 사용가능하게 수정
ShinYongUk,2023-04-04 05:54:48,1. 기록 0층이면 안보이게 설정 2. 100층 돌파 시 체크아이콘 보이게 설정 3. 기록 아이템 UI 수정 4. 유저 정보 이벤트 등록(Gem은 고민중..)
ShinYongUk,2023-04-03 22:59:21,1. 기록 아이템 생성 로직 추가 2. 프로필 구조 수정 레이아웃 위치 어색한 부분 변경
ShinYongUk,2023-04-03 11:15:19,1. 프로필 쪽 레이아웃 구조 수정 2. 길드 -> 기록으로 변경
ShinYongUk,2023-04-02 20:22:30,1. 프로필 쪽 레이아웃 이상한 부분 1차 수정
ShinYongUk,2023-04-02 19:43:58,1. 언어 설정 바꾸면 UI 깨지는 문제 수정
ShinYongUk,2023-04-02 12:32:17,1. 로컬라이제이션 게임시스템쪽으로 경로 변경
ShinYongUk,2023-04-02 12:30:27,1. DB를 dynamo랑 스팀 클라우드 중 선택할 수 있도록 수정(추후에는 dynamodb를 쓰지 않을 생각 - 비용문제) 2. ISaveAndLoadJson 으로 이름 변경(헷갈릴 수 있어서)
ShinYongUk,2023-04-02 10:51:10,1. 로그인 패널 수정(아이디가 있으면 DB에서 정보 가져오고/ 없으면 게스트로 로그인) 2. 닉네임이 설정 안되어있을 경우 닉네임 설정 페이지로 이동 3. 영문24자 한글 12자 등.. 정규식 추가 4. 로그인 패널 레이아웃 구조 이상했던 부분 수정
ShinYongUk,2023-03-28 11:54:13,1. 사용할만한 캐릭터 일부 추가
ShinYongUk,2023-03-27 22:51:05,1. User 데이터 저장은 유저에서 데이터 바뀔때 알아서 하도록 변경
ShinYongUk,2023-03-27 22:45:18,1. 유저 팩토리에 게스트 추가 하는 함수 추가
ShinYongUk,2023-03-27 22:02:19,1. DB데이터 처리 방식 수정
ShinYongUk,2023-03-27 20:06:18,1. 메타몽에서 메타몽이 선택된 경우 다른 유닛으로 설정 (메타몽만 있는경우에는 그냥 return)
ShinYongUk,2023-03-27 19:14:02,1. 아이템 -> 연구 느낌으로 변경 2. 유닛 죽을때 시전중인 스킬은 종료되게 수정
ShinYongUk,2023-03-27 18:05:36,1. 안쓰는 필드 삭제
ShinYongUk,2023-03-27 00:00:00,1. StartGame에서 게임씬 시작하는걸로 변경
ShinYongUk,2023-03-26 22:03:41,1. shop과 setting은 다이얼로그로 분리되면서 상태로직에서 제거
ShinYongUk,2023-03-26 19:15:04,1. 로비 언어 바꿀시에 타이틀 깨지는거 수정 2. 단축키로 프로파일 세팅 열수 있게 기능 추가
ShinYongUk,2023-03-25 13:00:18,1. 모달은 TopDialog로 생각하지 않도록 수정 2. TopDialog 기준으로 로직 변경
ShinYongUk,2023-03-25 00:11:38,1. Esc 누르면 다이얼로그 종료하는 기능 추가
ShinYongUk,2023-03-25 00:06:18,1. 체력바 유닛 회전 있을때만 회전값 조정하도록 변경
ShinYongUk,2023-03-24 23:54:42,1. 키 입력을 받을 인터렉션 추가
ShinYongUk,2023-03-24 23:13:38,1. 카메라 이동 바인딩된 키로 변경
ShinYongUk,2023-03-24 22:16:26,1. 세이브 로드 시 암호화 추가
ShinYongUk,2023-03-24 20:10:00,1. 키바인딩 기능 수정 2. 인터페이스 생성
ShinYongUk,2023-03-24 19:53:16,1. 키바인딩 기능 추가
ShinYongUk,2023-03-24 16:07:12,1. 마우스 UI 위에 있어도 움직이도록 2. 전투시 회전이 배틀 포인트가 아니라 적 위치 기준
ShinYongUk,2023-03-24 15:26:40,Merge branch 'dev' of https://github.com/wowns226/DefenceCastle into dev
ShinYongUk,2023-03-24 15:26:31,1. 확대 축소 fov로 변경
Riza,2023-03-24 12:21:27,1. Dlg 호출시 GetLocalizedString 사용하게 스크립트 수정 2. 로컬라이제이션 Table에 데이터 추가
ShinYongUk,2023-03-23 23:59:08,1. 테스트 매니저 추가 2. 배틀포인트에 적 유닛 찾을때 건물 빠져잇어서 추가 3. 카메라 이동용 스크립트 추가 4. 카메라 설정 잘못되어있는부분 수정 5. 커서 변경
ShinYongUk,2023-03-23 21:49:51,1. 스킬 처음에 전부 생성이 비효율적이라 애트리뷰트 추가해서 사용하는 방식으로 변경
Riza,2023-03-23 20:29:19,1. DataDisplayer 데이터 업데이트해주는 이벤트 Localization의 이벤트에 추가
ShinYongUk,2023-03-23 19:33:59,Merge branch 'dev' of https://github.com/wowns226/DefenceCastle into dev
ShinYongUk,2023-03-23 19:33:43,1. 스킬 isUse/ cost 추가 2. 첫 시작시 스킬 샘플 생성(커스텀 유닛용도)
Riza,2023-03-23 19:23:01,1. 로컬라이제이션 Manager 에서 Static으로 변경 2. DlgSetting에서 언어설정시 로컬라이제이션 호출 수정 3. Managers 프리팹에서 로컬라이제이션 삭제 4. 파일 이동 및 정리
ShinYongUk,2023-03-23 18:41:56,1. 스킬 에러나는 부분 수정
ShinYongUk,2023-03-23 18:18:39,1. 스킬 데이터 나머지 전부 커밋
ShinYongUk,2023-03-23 13:05:40,1. 스킬매니저 추가(추후 커스텀유닛 용도)
ShinYongUk,2023-03-22 11:33:27,1. 스킬데이터 3차 커밋(빠진 데이터 마저 커밋)
ShinYongUk,2023-03-22 11:29:33,1. 스킬 데이터 2차 커밋 2. 스킬 에셋 중 필요한 부분들 수정
ShinYongUk,2023-03-21 21:38:18,1. MoveToNearestBattleUnit에서 Move함수 공통으로 사용할 수 있게 수정
Riza,2023-03-21 12:56:28,1. Unit 사거리 닿지 않으면 이동 후 스킬 사용하는 로직 추가
ShinYongUk,2023-03-20 22:08:43,1. 오브젝트 풀 만들때 active 없던 부분 추가 2. 스킬에 이펙트 넣을 필드 추가/ 안쓰는 필드는 제거
Riza,2023-03-20 15:03:27,1. UI Prefab중 폰트 안 바뀐 것 및 어색한 것 수정
Riza,2023-03-20 13:34:09,1. 언어 변경 로직 변경 2. GetLocalizedString 함수 로직 변경
ShinYongUk,2023-03-19 22:07:30,1. 안쓰는 폴더 삭제
ShinYongUk,2023-03-19 22:00:02,1. 안쓰는 코드 삭제
ShinYongUk,2023-03-19 18:09:18,1. 데미지/골드 등에 사용할 텍스트 추가(popup 형태)
ShinYongUk,2023-03-19 15:19:53,1. 리코 그림자 추가 2. hp바 위치변경
ShinYongUk,2023-03-19 15:14:16,1. Aura 에셋 먼지 효과가 강해서 제거 하고 연기 알파값을 올려줌 2. 공격시 데미지만 넘기는게 아니라 크리 여부도 넘김 3. hp/ 캐스팅 바 추가 4. 데미지 에셋 추가
ShinYongUk,2023-03-19 10:20:18,1. 꺼놧던 오브젝트 다시 on
ShinYongUk,2023-03-19 10:19:35,1. 라이트맵 일부 수정
ShinYongUk,2023-03-19 05:30:26,1. fog/ mist/ 빛 관련 에셋 추가 2. Castle 맵쪽 라이트 등등 수정
ShinYongUk,2023-03-18 12:04:49,1. Position 변경 안 된 부분들 마저 변경 2. 스킬 각각의 타격마다 데미지 계수를 받도록 추가
Riza,2023-03-17 21:01:09,1. LocalizationManager에서 중간 null 체크 조건 추가
Riza,2023-03-17 21:00:02,1. UI Prefab 수정하면서 Scene에 배치된 UI Prefab들 교체
Riza,2023-03-17 20:57:57,1. Dark UI Manager 폰트 수정 2. 모든 UI Prefab들 다른 폰트로 변경
Riza,2023-03-17 18:25:55,1. KoPub폰트 추가 2. 폰트 폴더 정리
Riza,2023-03-17 15:23:49,1. Castle에 스크린샷 오브젝트 삭제 2. Point의 Position 프로퍼티 접근한정자 수정 3. Board에서 Point의 프로퍼티 가져다 사용하도록 수정
Riza,2023-03-17 13:36:23,1. Point쪽 position 캐싱해서 사용하도록 수정 2. Unit쪽 AttackRange 값 수정
ShinYongUk,2023-03-17 11:11:50,1. FindPoint 십의자리에서 bounds 구해서 나온 범위 이내로 캐싱 한 번 더 하도록 추가
ShinYongUk,2023-03-17 10:34:27,1. 공격 사거리 추가( 근접은 본인 스케일 * 0.7 )
ShinYongUk,2023-03-17 08:49:57,1. 로비 비 어색한 부분 때문에 pillarlight로 변경해봄
ShinYongUk,2023-03-17 01:24:11,1. 그림자 추가 2. 안쓰는 스크립트 프리팹 삭제
ShinYongUk,2023-03-17 00:11:57,1. 로비에 라이트 프로브 추가(유닛 시네머신 용도) 2. 라이트 설정 조금 수정
Riza,2023-03-16 20:29:43,1. 비 이펙트 제작 및 씬 배치 2. DlgProfile에 누락된 TMP 폰트 수정
Riza,2023-03-16 14:21:46,1. UI에 누락된 Text/ 폰트 수정 및 로컬라이제이션 데이터 추가
Riza,2023-03-16 13:57:35,1. UI Prefab들 모두 폰트 변경 2. Dark UI Manager 폰트 변경 3. 로컬라이제이션을 통한 라벨TMP 모두 Localize 이벤트 추가 4. LocalizationManager 스크립트 추가 5. Managers 프리팹 수정
ShinYongUk,2023-03-15 22:26:23,1. 강도 -40으로 재수정
ShinYongUk,2023-03-15 22:25:11,1. 로비씬 포스트프로세싱 추가
ShinYongUk,2023-03-15 21:57:09,Merge branch 'dev' of https://github.com/wowns226/DefenceCastle into dev
ShinYongUk,2023-03-15 21:57:08,1. 로비쪽 씬 수정(배경 좀더 보완)
Riza,2023-03-15 14:38:58,1. 로컬라이제이션 세팅 누락된 에셋/ 메타파일 추가
ShinYongUk,2023-03-15 10:27:34,1. 챕터가 여러개 늘어날 수 있어서 list형으로 변경
ShinYongUk,2023-03-15 09:46:09,1. 스팀 아이디가 17자리라 ulong으로 변경 2. 디비 데이터 클래스 형태로 챕터 받게 수정
ShinYongUk,2023-03-15 02:06:16,1. DynamoDB 추가(2.0 버전만 어드레서블과 충돌이 나지 않아서 그거에 맞춰서 추가)
ShinYongUk,2023-03-15 00:37:49,깃 이그노어 추가
Riza,2023-03-13 16:26:25,1. 언어 테이블 분할 커밋 (2)
ShinYongUk,2023-03-12 22:16:52,1. 챕터에 기록 추가 2. 맞을 경우 목표 지점 변경(본인이 때릴 수 있는 유닛일 경우에만) 3. 라운드 종료시 스킬들도 Clear
ShinYongUk,2023-03-12 21:52:47,1. 챕터/ 기록 user쪽에 저장(추후 db연동)
ShinYongUk,2023-03-12 20:30:04,1. 스킬범위 중앙계산을 적 위치로 했는데 스킬의 가운데로 변경 2. 로그 추가
ShinYongUk,2023-03-12 18:32:28,1. DlgToolTipBox 위치 지정 하는 부분 수정
ShinYongUk,2023-03-12 18:27:43,1. DlgToolTipBox에 위치 넣는 부분 추가
ShinYongUk,2023-03-12 18:23:04,1. DlgToolTip 일부 수정(시간 -> 타이핑 -> 시간)
ShinYongUk,2023-03-12 18:17:36,1. 같은 툴팁 안켜지게 하는 기능 수정 (모달 제외) 2. 툴팁 1개만 켜지도록
ShinYongUk,2023-03-12 17:39:13,1. 툴팁 여러개 켜지는거 방지 2. 박스형 툴팁 추가 3. 라운드 타입 추가(스토리/ 무한)
ShinYongUk,2023-03-12 14:15:47,1. 적 유닛은 맞으면 공격 유닛 찾아가도록 셋팅(거리가 가까운조건에서만)
ShinYongUk,2023-03-12 00:46:57,1. 한개만 랜더링 되는 부분은 gpu 인스터싱 해제
ShinYongUk,2023-03-12 00:40:03,1. 목표지점이 유닛 뒤쪽에 있으면 걷는 애니메이션 + 속도 3분의 1정도로
Riza,2023-03-11 21:30:30,1. 로컬라이제이션 추가 2. 언어 테이블 분할 커밋 (1)
Riza,2023-03-11 21:26:30,1. 적용할 폰트 파일
Riza,2023-03-11 19:58:15,1. 하이어라키에 있는 게임오브젝트도 선택할 수 있게 수정
Riza,2023-03-11 19:57:12,1. 프리팹으로 사용안하게 수정 2. 파일명 지정할 수 있게 수정 3. 파일명 중복시 캡쳐 안되게 수정
ShinYongUk,2023-03-11 13:03:38,1. 회전속도에 유닛 스피드 적용되게 변경
ShinYongUk,2023-03-11 11:55:05,1. 다중 클릭시 데이터 아이템이 통일되는 문제 수정
ShinYongUk,2023-03-11 00:42:52,1. Editor 폴더로 에디터 코드 이동 2. 중간 빌드해서 확인
ShinYongUk,2023-03-11 00:21:26,1. 로비 문 애니메이션 적용 2. 로비 라이트맵 적용 3. 인게임도 그림자 이상한 곳 있어서 라이트맵 다시 구움 4. 인게임 순서 UI씬이 먼저 오도록 변경 5.  유닛 죽었을때 포인트에서 해제 안하던 버그 수정 6.  죽었을때는 업데이트 안하도록 수정 7. Gpu 인스터싱 추가
ShinYongUk,2023-03-10 19:57:42,1. 디졸브 효과 추가 2. 부활 할 때 오브젝트가 꺼지면서 코루틴 안 돌수 있어서 invoke로 수정
ShinYongUk,2023-03-10 18:58:58,1. 각각의 행동에 애니메이션 추가 2. 디졸브 효과를 넣을 매쉬 하나 추가
Riza,2023-03-10 13:06:40,1. 프리팹 내부에 있는 모든 TMP 폰트 수정하는 유틸 구현
Riza,2023-03-10 09:47:01,1. 에디터상에서만 사용할 수 있도록 수정 2. DontDestoryObject 컴포넌트 추가 (단축키 / 커스텀 버튼 원하는 것으로 캡쳐 가능하게)
Riza,2023-03-10 09:38:13,1. 스크린샷을 핫키가 아닌 버튼으로도 할 수 있게 수정 (스크린샷 프리팹을 씬에 안넣어됨)
ShinYongUk,2023-03-10 02:28:51,1. 이벤트 포인트마다 다른 버프 줄수 있도록 변경 2. 유닛 클릭해서 이동할 때 이동할수 없는 위치로 갈 수 있던 버그 수정
ShinYongUk,2023-03-10 01:52:44,1. 에셋 추가( 유닛 디졸브 효과 전용)
ShinYongUk,2023-03-10 01:39:05,1. 안쓰는 에셋 삭제
ShinYongUk,2023-03-10 01:31:15,1. 포인트 이벤트 추가
ShinYongUk,2023-03-09 23:55:26,1. 포인트 이벤트 Display쪽만 일단 추가 실제 공격력 방어력 변경등의 로직은 구현 필요
ShinYongUk,2023-03-09 23:36:31,1. 경고용 다이얼로그 추가
Riza,2023-03-09 17:34:39,1. ScreenShot HotKey 수정 2. ScreenShot 프리팹 오브젝트 생성
ShinYongUk,2023-03-08 21:40:33,1. IRelicContainer를 상속받지 않는데 상속받은것처럼 쓸 수 있기 떄문에 제약조건 다시 걸게 수정
ShinYongUk,2023-03-08 21:26:21,1. IRelic 필요없는 제약조건(제약조건을 걸지만 사용하지 않음) 제거 2. 확장메소드를 써서 invoke시 본인(인스턴스 변수)을 전달 할 수 있게 수정
ShinYongUk,2023-03-08 21:05:08,1. 스킬 공격 지점과의 방향 연산하게끔 변경
Riza,2023-03-08 16:46:57,1. 유물 비활성화시 TriggerEvent 삭제 기능 추가
Riza,2023-03-08 13:28:27,1. RelicSet 수정 2. Relic과 RelicSet에 맞게 유물 수정
Riza,2023-03-08 13:25:47,1. Relic 구조 변경 - 애트리뷰트를 이용한 패시브와 트리거 함수 제작
Riza,2023-03-08 13:24:53,1. Relic용 애트리뷰트 생성
ShinYongUk,2023-03-07 23:58:25,1. findPoint쪽 Find 함수 돌리는거 캐싱되게 변경
ShinYongUk,2023-03-07 23:53:07,1. 스킬에 업 다운 depth 추가 (위 아래 범위) 해당 범위까지 공격
ShinYongUk,2023-03-07 23:34:14,1. 근접은 공격시 사거리 높이 필터링 추가
ShinYongUk,2023-03-07 22:26:10,1. 이펙트 흰색으로 변경
ShinYongUk,2023-03-07 21:12:21,1.회전 / 이동 시 이벤트 추가할 수 있도록 변경 2. 유닛의 회전은 유닛에서 하도록 변경
Riza,2023-03-07 00:01:21,1. 파일 구조 수정
Riza,2023-03-06 23:57:05,1. Init될때 유물에 의해 스탯을 변경해주는 로직 추가
Riza,2023-03-06 23:55:21,1. 유물쪽 변경함에 따른 유물과 유물세트 클래스 수정
Riza,2023-03-06 23:54:47,1. 누락된 IRelicContainer 변경 사항 수정
Riza,2023-03-06 23:53:56,1. IRelicContainer/ Relic/ RelicSet 패시브효과 트리거효과 기능 구현 및 함수명 변경
ShinYongUk,2023-03-06 22:45:47,1. 유닛 목표지점 설정 해제가 이상헀던 버그 수정
ShinYongUk,2023-03-06 22:25:55,1. 사거리 범위 보여지게 하는 기능 추가
ShinYongUk,2023-03-06 21:41:19,1. 메인캠 프리팹 지워버려서 재커밋
ShinYongUk,2023-03-06 21:34:49,1. unit의 idle 추가 2. 카메라 디퍼드로 변경 3. 동적 다이나믹 배치 사용하도록 설정
ShinYongUk,2023-03-06 21:13:28,1. 대각선도 1로 계산하도록 변경
Riza,2023-03-06 20:07:25,1. Unit과 Player쪽 이전 유물 로직의 스탯 연산 부분 제거
ShinYongUk,2023-03-06 18:57:49,1. 자기자신이 계산식에 추가되어서 예외처리
ShinYongUk,2023-03-06 18:53:35,1. 캐스팅 스킬 추가(스턴걸리면 캐스팅 풀림) 2. 캐스팅 중에 유닛 스킬 범위 보이게 설정(전체공격은 경고메시지 나중에 만들 예정) 3.
Riza,2023-03-06 18:32:25,1. RelicSet 수정 안한 것 수정완료 2. RelicSet 활성화 여부 Relic쪽에서 제어하도록 추가
Riza,2023-03-06 16:28:42,1. Relic 구조 변경 2. 1에 따른 유물 클래스 모두 수정
LeeDaeHee,2023-03-06 07:43:43,커밋 오류 수정
DaeHee Lee,2023-03-06 04:56:51,1. 체력바 (작업중) 2. 데미지 텍스즈 (작업중)
ShinYongUk,2023-03-06 01:30:01,1. TimeManager 추가(시간 조정은 여기서 관리) 2. 다이얼로그 애니메이션 TimeScale 영향받는 부분 제거 3. 포인트 하나 위치 이상한거 수정
ShinYongUk,2023-03-06 00:24:55,1. 씬 이동시 FadeIn/Out 효과 추가
ShinYongUk,2023-03-05 23:08:35,1. 적 아군찾는 부분 본인위치는 못찾는 버그 수정 2. 포인트 이펙트 수정
ShinYongUk,2023-03-05 19:40:49,1. 유닛 포인트로 이동중에 바꾸면 목적지 초기화되게 수정
ShinYongUk,2023-03-05 19:29:37,1. 유닛 클릭했을 때 특수효과 추가 2. 씬 로딩 확인 체크추가
ShinYongUk,2023-03-05 18:14:58,1. 적 유닛도 게임 끝나면 삭제 2. 유닛 클릭 시 타임스케일 조정 3. 경로 하나 이상하게 되어있는 부분 수정  4. 경로 색 수정
ShinYongUk,2023-03-05 17:48:32,1. 이동경로 표시해주는기능 추가 2. 리스트 큐로 변환해주는 유틸 추가 3. 로비로 돌아가는 기능 수정 4. 이동가능한 경로 리턴해주는 기능 추가 5.
ShinYongUk,2023-03-05 15:38:45,1. 이동할 부분을 표시하는 하이라이팅 효과 추가
ShinYongUk,2023-03-05 14:52:05,1. 아웃라인 에셋 추가 2. 포인트 상태에따른 하이라이트 효과 추가 3. 포스트프로세싱용 오브젝트 추가
ShinYongUk,2023-03-04 18:57:11,1. 라이트맵 다시 구워서 적용(그림자가 안되고 일부 라이트맵 이상한 부분 수정) 2. 라이트프로브 디테일하게 위치잡아서 세팅 3. 오클루전 재 셋팅 4. 리코캐릭터 쉐이더 uv문제로 까맣게 나오던 문제 수정 5. 일반 몹 마커 생성
ShinYongUk,2023-03-03 23:05:22,1.건물/ 아군 몹 클릭 이벤트 추가
ShinYongUk,2023-03-02 23:03:39,1. player.mobs가 findall 로 바뀌면서 깊은복사가 되어버림 -> 관련된 로직 수정 2. 다이얼로그 같은거 2개 켜지는 문제 수정
ShinYongUk,2023-03-02 20:57:40,1. 유닛 뽑는 부분 추가 2. 다이얼로그 어색한 부분 수정 3. 인게임에서 UI가 뒤에 표시되는 버그 수정
ShinYongUk,2023-03-02 00:35:42,1. forawrd 에서 MoveTowards로 변경 (이동관련 버그때문)
ShinYongUk,2023-03-02 00:18:47,1. 드로어 널처리추가 2. 매니저쪽 네임스페이스 바뀌면서 꺠진 데이터 수정
ShinYongUk,2023-03-02 00:05:12,1. 네임스페이스 오타 수정 2. 드론에 개성 추가 3.  리페어드론 알고리즘 추가(수리/버프/디버프)
ShinYongUk,2023-03-01 12:25:46,1. 드론 최대개수 지정 2. 드론은 y 고정
ShinYongUk,2023-03-01 12:07:18,1. 여러곳에 같은기능 하는부분이 흩어져있어서 하나로 합치고 삭제(buildingGroup 등.. 전부 player에서 관리) 2. 폴더 구조 일부 변경 3. 드론 생성 ->  일단은 고치는 드론만 4. 드론 ai 생성 5. 드워프빌더는 이동만 되게 수정 6. 위 내용에 맞춰서 일부 구조 변경
ShinYongUk,2023-03-01 00:16:24,1. 폴더 위치 일부 변경 2. 드워프 추가(건물 짓는 영웅 - 스페셜) 3. 랜덤 건물 짓는 스킬 추가
ShinYongUk,2023-02-28 23:11:31,1. 랜덤으로 건물 리턴하는 함수 추가
ShinYongUk,2023-02-28 23:00:56,1. 인게임에서 스킬슬롯이 이상하게 배치된 버그 수정
ShinYongUk,2023-02-28 22:58:33,1. Mob으로 이름 어색한 부분들 변경 2. 안쓰는 부분 제거 3. 메시지박스 글자가 남아잇던 버그 수정
ShinYongUk,2023-02-28 19:12:53,1. 건물도 공격하고 로직 넣을수 있게 추가(Unit을 공통의 부모로 설정하고 빌딩이랑 유닛(Mob)이 상속받아서 사용하도록 2. 건물 샘플로 몇개 생성 3. 기존에 Unit으로 쓰던부분 Mob으로 분기처리해주고 같이 써야하는 부분들은 이름 수정 4. 블러드이펙트 다이얼로그가 아니라 playround쪽 패널에 넣어줌
ShinYongUk,2023-02-28 16:39:19,1. 빌딩 타입 추가 2. special 타입 추가
ShinYongUk,2023-02-28 01:06:29,1. 유니티 랜덤 함수 Range 지정이 잘못된 부분 수정
ShinYongUk,2023-02-28 00:46:22,1. 버프가 자기자신은 안걸어줘서 본인도 걸어줄 때 사용할 함수 추가
ShinYongUk,2023-02-28 00:40:05,1. 힐스킬 오류 수정 2. 힐러 -> 힐 / 버프만 가능(적 유닛을 대상으로 설정하지 않음)
ShinYongUk,2023-02-27 18:35:29,1. 유닛 랜덤으로 생성안되는 버그 수정
ShinYongUk,2023-02-27 18:24:45,1. 첫 시작시 아군 유닛 1개 제공 2. 유닛 샘플 몇개 생성
ShinYongUk,2023-02-27 16:35:24,1. 적 유닛 랜덤 생성으로 변경 2. 네임드 / 5 라운드 보스 / 10 라운드로 설정 3. 곡선 이동 어색한 부분 일부 수정
ShinYongUk,2023-02-26 23:24:56,1. 안쓰는 필드 제거 2. 아군유닛은 일정 시간 이후 되살아나도록 수정
ShinYongUk,2023-02-26 19:44:58,1. 스폰 딜레이 설정 2. 적유닛만 첫 생성시 성을 목표로 설정
ShinYongUk,2023-02-26 19:24:50,1. zombie쪽 매쉬빠진부분 다시 세팅
ShinYongUk,2023-02-26 19:09:53,1. 유닛 등급 일부 구현 2. 폴더 어색한 부분 이동
ShinYongUk,2023-02-26 14:31:33,1. 프로필 버튼 하이라이팅 효과 겹쳐서 수정
ShinYongUk,2023-02-26 14:28:06,1. UI 어색한 부분 수정
ShinYongUk,2023-02-26 12:34:24,1. 곡선이동 offset 줘서 보이는 부분에서느 ㄴ안겹치도록 2. 이동 관련 버그 수정 3. dotween 추가(아직 사용하는 곳은 없음
ShinYongUk,2023-02-26 01:51:03,1. 어드레서블 재등록 2. 안쓰는 부분 삭제 3. 빌드해서 테스트 완료2
ShinYongUk,2023-02-26 01:38:27,1. 어드레서블 재등록 2. 안쓰는 부분 삭제 3. 빌드해서 테스트 완료
ShinYongUk,2023-02-26 01:09:34,1. URP 제거 그에 맞춰서 버그 수정5
ShinYongUk,2023-02-26 01:08:29,1. URP 제거 그에 맞춰서 버그 수정4
ShinYongUk,2023-02-26 01:07:33,1. URP 제거 그에 맞춰서 버그 수정3
ShinYongUk,2023-02-26 01:05:56,1. URP 제거 그에 맞춰서 버그 수정2
ShinYongUk,2023-02-26 01:05:13,1. URP 제거 그에 맞춰서 버그 수정
ShinYongUk,2023-02-25 03:57:15,1. urp 세팅 2. 안쓰는 리소스 제거
ShinYongUk,2023-02-25 03:30:54,1. urp 업그레이드
ShinYongUk,2023-02-25 03:30:34,1. urp 적용 2. 안쓰는 에셋 제거
ShinYongUk,2023-02-25 03:07:44,1. 이펙트 urp 적용 2. 안쓰는 에셋 제거
ShinYongUk,2023-02-25 02:43:29,어셈블리 디파인 제거 -> 빌드안됨
ShinYongUk,2023-02-25 01:29:36,1. 안쓰는 씬 제거 2. 로그 너무 많이 찍히는 부분 제거 3. 모든 다이얼로그 닫는 부분 버그 수정 4. 인게임 로비 UI 버그 / 구성 수정
ShinYongUk,2023-02-24 22:31:40,1. 프로필쪽 유닛 업글/ 정보/ 스킬 등 UI 구현 2. 안쓰는 스크립트 삭제
ShinYongUk,2023-02-24 00:56:12,1. 세팅매니저에서 해당 프리팹 들어가서 수정할 수 있게 수정
ShinYongUk,2023-02-24 00:03:33,1. 최대 유닛 개수 적용할 세팅값 넣음(제한은 유닛뽑을때 처리)
ShinYongUk,2023-02-24 00:01:10,1. 인게임씬 일단 작업 완료 기능 추가는 추후 계속 진행 2. 블러드 효과 적용
ShinYongUk,2023-02-23 19:44:22,1. 랜덤 유물 가져오는 부분 추가 2. 결과 UI쪽 로직 구현
ShinYongUk,2023-02-23 17:00:21,1. 상점 인벤 유물쪽 UI 구성 변경 2. 아이디 숫자도 입력되게 변경
ShinYongUk,2023-02-23 00:45:05,1. Blur 에셋 추가하면서 기존 urp 호환 안되는 부분들 전부 수정 2. 포스트 프로세싱 + 안티 앨리어싱 관련해서 카메라 뎁스가 적용이 안되는 버그 수정
ShinYongUk,2023-02-22 23:45:27,1. 인게임 UI 작업 2. 로딩 추가 3. UIBase active/inactive 이벤트 추가
ShinYongUk,2023-02-22 17:02:40,1. 곡선 경로 일부 수정 2. 포인트 항상 같은위치가 아닌 랜덤 위치기준으로 목표지점 설정
ShinYongUk,2023-02-22 11:41:24,라이센스 이메일 첨부
Riza,2023-02-22 09:56:45,1. Bag 폴더 추가 2. 스크립트 위치 수정
Riza,2023-02-22 09:45:46,1. QualityManager 스크립트 추가 2. 1에 따른 Managers 프리팹 수정 3. Bag<T> 추가 4. 3에 따른 스크립트 수정
ShinYongUk,2023-02-22 05:55:25,1. URP로 컨버트
ShinYongUk,2023-02-21 23:37:38,1. 안쓰는 에셋 제거 5
ShinYongUk,2023-02-21 23:35:07,1. 안쓰는 에셋 제거 4
ShinYongUk,2023-02-21 23:34:32,1. 안쓰는 에셋 제거 3
ShinYongUk,2023-02-21 23:33:18,1. 안쓰는 에셋 제거 2
ShinYongUk,2023-02-21 23:32:28,1. URP 적용 2. 안쓰는 에셋 제거 1
Riza,2023-02-21 21:13:09,1. Recorder를 활용한 스크린샷 스크립트 및 폴더 추가 2. BackGround 레이어 추가 3. Castle 씬 수정
ShinYongUk,2023-02-21 15:36:48,1. 일부 static 빠져잇는 부분 추가 2. 포인트 몹 생성쪽에 위에 유닛이 있으면 생성안하는 부분 임시 주석
ShinYongUk,2023-02-21 15:31:36,1. 배경 구조물 추가 2. 라이트 파랑 기준으로 적용한 프리팹까지해서 다시 구움 3. 오클루전 컬링 재설정 4. 배경 매쉬도 통합 5. fog 효과 바닥으로 변경 6. 씬 테두리 blood 효과로 변경
ShinYongUk,2023-02-21 10:53:59,1. 배경 에셋 추가 2. 캐슬 씬 fog효과 씬 테두리 추가 3. Point 거리 1->5로 변경 관련 연산 수정
ShinYongUk,2023-02-20 23:25:58,1. 메쉬 컴바인 처리(최적화) 2. 어셈블리 디파인 적용 3. 콜라이더 제거 4. 오클루전 컬링 적용 5. 라이트 베이크 6. URP 적용 7. 라이트 프로브 적용 8. 스태틱 배칭 9. 캐슬 맵 생성
ShinYongUk,2023-02-20 19:56:18,1. 에셋 몇개 더 추가(나눠서 커밋7)
ShinYongUk,2023-02-20 19:52:45,1. 에셋 몇개 더 추가(나눠서 커밋6)
ShinYongUk,2023-02-20 19:42:43,1. 에셋 몇개 더 추가(나눠서 커밋5)
ShinYongUk,2023-02-20 19:38:46,1. 에셋 몇개 더 추가(나눠서 커밋4)
ShinYongUk,2023-02-20 19:34:57,1. 에셋 몇개 더 추가(나눠서 커밋3)
ShinYongUk,2023-02-20 18:28:49,1. 에셋 몇개 더 추가(나눠서 커밋2)
ShinYongUk,2023-02-20 18:13:33,1. 에셋 몇개 더 추가(나눠서 커밋)
ShinYongUk,2023-02-19 19:17:04,1. 맵/ 유닛 에셋 추가 (나눠서 커밋4)
ShinYongUk,2023-02-19 19:08:54,1. 맵/ 유닛 에셋 추가 (나눠서 커밋3)
ShinYongUk,2023-02-19 19:05:10,1. 맵/ 유닛 에셋 추가 (나눠서 커밋2)
ShinYongUk,2023-02-19 18:59:52,1. 맵/ 유닛 에셋 추가 (나눠서 커밋)
ShinYongUk,2023-02-19 18:42:30,1. 맵/ 유닛 에셋 추가
ShinYongUk,2023-02-19 18:40:12,1. 이동할수 없는 경로는 제외하도록(벽/ 높이) 2. 필요없는 폴더 제거
Riza,2023-02-19 16:46:10,1. 무료 사운드 에셋 추가
Riza,2023-02-19 15:34:41,1. 임시 맵 파일
Riza,2023-02-19 01:20:53,1. 유물 클래스 생성 및 프리팹 추가 2. ScriptableObject 파일 위치 변경 3. RelicSetSO 데이터 추가 4. 프리팹 추가에 따른 어드레서블 업데이트
Riza,2023-02-19 01:14:33,1. 게임 실행시 Player쪽 에러 수정 2. IActive 인터페이스 수정 3. Relic/ RelicSet 클래스 IActive 상속받게 수정 4. RelicSetSO 중복 체크 제거
ShinYongUk,2023-02-19 00:04:08,1. 툴팁 타이핑 효과 추가
ShinYongUk,2023-02-18 23:36:12,1. 프로젝트 셋팅 일부 변경
Riza,2023-02-18 18:45:02,1. 유물들/ RelicSet/ RelicSetSO 에러 수정 2. 누락된 meta파일 업로드
Riza,2023-02-18 18:34:44,1. IActive 임시 제거 2. 함수 이름 수정 3. 오타 수정 4. 중복 유물 효과 제거
DaeHee Lee,2023-02-18 18:13:39,1. Skill Sample Add
Riza,2023-02-18 18:02:08,1. Player쪽 유물 제거함수 로직 추가 2. IActive 수정 3. Relic 클래스 기본 구조 변경
Riza,2023-02-18 17:25:59,1. 유물로 스탯 업그레이드 로직 float에서 Func<float>로 변경
Riza,2023-02-18 15:43:30,1. Player/ Unit 스크립트에 유물로 스탯 업그레이드 로직 추
ShinYongUk,2023-02-18 11:40:07,1. 빌드 셋팅 일부 변경
ShinYongUk,2023-02-18 10:37:12,1. 다이얼로그매니저 버그수정 2. 메시지박스 UI 변경 3. splash 애니메이션 어색한 부분들 수정
ShinYongUk,2023-02-17 18:49:34,1. 세팅쪽 캐싱되도록 성능개선
ShinYongUk,2023-02-17 18:37:30,1. Sprite/ GameObject 세팅쪽에 추가할 수 있도록 기능 추가
ShinYongUk,2023-02-17 17:42:43,1. DataImager 추가
ShinYongUk,2023-02-17 13:57:09,1. 활성 / 비활성화때 이벤트 등록으로 변경
ShinYongUk,2023-02-17 13:55:18,1. 복제 유닛 생성
ShinYongUk,2023-02-17 10:45:58,1. 엑스트라 스킬 추가(추후 컷씬도 추가 아직은 없음)
ShinYongUk,2023-02-17 10:34:50,1. 스킬에 가중치 줘서 같은 우선순위라도 가중치에 따라서 랜덤으로 정렬 후 사용
ShinYongUk,2023-02-17 09:41:21,1. 다이얼로그 매니저로 관리쪽 코드 이동 2. 모든 다이얼로그 끄는 기능 추가
ShinYongUk,2023-02-17 08:06:41,1. 곡선이동 구현 2. 아군유닛은 항상 최단거리(가중치 적용안함) 3.  업그레이드쪽 버그 수정 4.
ShinYongUk,2023-02-16 22:52:03,1. 세팅매니저 캐싱해서 쓰도록 변경
ShinYongUk,2023-02-16 21:23:05,1. 건물만 공격하는 타입 추가 2. EnumFlag 세팅 가능하게 수정 3. 스킬 타입 스턴/ 넉백 추가
Riza,2023-02-16 18:47:13,1. Relic쪽 구현 2. 임시 RelicSetSO/ RelicSet/ Relic 스크립트 제작
ShinYongUk,2023-02-16 16:34:17,1. 인게임 테스트용 코드 2. 스킬 쪽 버그 수정 3. 스텟계수 * 0.01 안되어있던 부분 추가 4.
ShinYongUk,2023-02-15 21:33:43,1. 세팅쪽 SetValue 빠진 부분이 있길래 수정
Riza,2023-02-15 17:57:54,1. 세팅매니저/ 드로어 수정
ShinYongUk,2023-02-15 00:26:37,1. 세팅 드로어 추가 수정
ShinYongUk,2023-02-14 23:29:11,1. 세팅매니저 foldout 추가/ 추상클래스는 안뜨게
ShinYongUk,2023-02-14 18:41:19,1. 로비 UI 작업 완료(인벤토리/ 게임종료/ 씬 로딩) 2. 다이얼로그 최상단 다이얼로그 저장하도록/ 오더 레이어 지정
ShinYongUk,2023-02-13 23:35:50,1.LogicBase가 모노싱글톤을 상속받으면 문제가 있을 수 있어서 수정
ShinYongUk,2023-02-13 23:07:28,1. 로비 UI 프로파일 쪽 생성
ShinYongUk,2023-02-13 21:27:21,1. ItemInfo layout 변경
ShinYongUk,2023-02-13 20:39:40,1. 업그레이드 일부 변경 2. 스텟 퍼센테이지 변경 추가
ShinYongUk,2023-02-12 22:32:06,1. 아이템 최대 개수 추가
ShinYongUk,2023-02-12 21:54:05,라이센스 추가
Riza,2023-02-12 20:43:38,1. RelicManager 추가함에 따라 Managers 프리팹 수정 및 Scene에 적용
Riza,2023-02-12 20:40:00,1. Relic Mono로 변경 2. ItemBag MaxSize 변수명 변경에 따른 MaxSize 사용하는 각각 클래스 수정 3. Player에서 item과 마찬가지로 RelicBag 생성 4. DataProxy에 Relic/ RelicBag 추가 5. SetttingManagerDrawer 클래스에 Enum 비교연산 방법 수정
ShinYongUk,2023-02-12 18:09:27,1. 상점 UI 바뀐 UI 맞춰서 제작 2. 안쓰는 스크립트 프리팹 삭제 3. 폴더 위치 일부 변경
ShinYongUk,2023-02-12 16:49:14,1. 일부 UI 버그 수정 2. 어드레서블 최신으로 재빌드
ShinYongUk,2023-02-12 11:42:35,1. 로비쪽 세팅 페이지/ 게임 시작 페이지 작업 완료 2. 씬 매니저 추가
ShinYongUk,2023-02-12 08:29:43,1. 바뀐 UI로 재작업 2. UI 애니메이션 배치 맞춰서 수정 3. 색감 변경 4. 다이얼로그 일부 추가
ShinYongUk,2023-02-12 00:52:06,1. Dark UI (로비에서 사용할 예정) 추가
ShinYongUk,2023-02-12 00:26:19,1. 메인 로비 디자인 조금 변경
ShinYongUk,2023-02-11 23:29:24,1. 로비 UI 오른쪽에 버튼 쏠려 있어서 바로잡음
ShinYongUk,2023-02-11 23:18:13,1. 로비 UI 수정
ShinYongUk,2023-02-11 18:51:06,1. 미션 대신 리더보드로 변경
ShinYongUk,2023-02-11 18:47:41,1. 로비 UI 일부 적용 2. 새롭게 만들어야 하는 로비 UI 존재해서 추후 작업
ShinYongUk,2023-02-11 16:15:20,1. 버프/ 디버프 스킬 구현 2. 폴더 구조 변경
ShinYongUk,2023-02-11 13:52:37,1. 힐 스킬 추가 그에 따른 스킬쪽 구조 변경
ShinYongUk,2023-02-11 12:34:42,1. 코드 컨벤션에 맞춰서 정리 2. 필요한 부분들에 로그 추가
ShinYongUk,2023-02-11 11:25:38,1. 업그레이드 타입 하드코딩 제거
ShinYongUk,2023-02-11 10:26:14,1. 오버라이드 오류 수정 2. 이름 어색한 부분 수정 3. 처음 유닛 생성 시 최대체력 넣어주도록 수정
ShinYongUk,2023-02-11 10:21:55,1. 업그레이드 로직 변경 2. 최대 HP 업그레이드 할 때 현재 HP도 오르도록 변경
ShinYongUk,2023-02-11 09:49:25,1. Item/ Player 등등 Mono로 변경 -> 그에 맞춰서 어드레서블 프리팹 등록 2. 아이템 개수 카운트체크로 변경 3. 어색한 폴더 구조 변경 4. 타임스케일에 맞춰서 시간 체크 되도록 변경 5. 플레이어/아이템 하이어라키 구조 변경
ShinYongUk,2023-02-10 22:23:23,1. 스킬 데미지 계산 공식 변경
ShinYongUk,2023-02-09 05:29:36,1. 퍼센트 연산 추가
Riza,2023-02-07 21:14:15,1. SoundManager 추가 2. 임시 AudioSource 추가 3. SettingInfoUI에서 volume 조절 구현 4. Managers 및 SettingPanel 프리팹 업데이트
ShinYongUk,2023-02-07 20:16:41,1. Frost UI 제거 2. UI 이펙트 에셋 추가
ShinYongUk,2023-02-07 19:28:56,1. 레이아웃 이상하게 잡힌 부분 수정
LeeDaeHee,2023-02-07 18:58:11,(수정)유닛 정보 저장부분 수정(간략화)
LeeDaeHee,2023-02-07 13:30:27,1. 유닛 Status정보 출력 (체력/ 공격력/ 방어력)
Riza,2023-02-05 22:11:20,1. 유물 시스템 구현 2. 임시 유물 2개 생성
ShinYongUk,2023-02-05 21:48:50,1. 스킬 사용 시 조건 체크(ex. 체력 50% 이하..)
ShinYongUk,2023-02-05 15:48:43,1. UI 에셋 2. 마커 에셋 추가
ShinYongUk,2023-02-05 11:14:46,1. 업그레이드 관련 로직 추가
Riza,2023-02-03 21:31:08,1. LobbyScene에서 발견한 버그 수정 2. InGameScene UI 추가 작업(Castle의 체력 보일 수 있도록 Building클래스에 체력 추가) 및 로그 수정 3. SettingManager를 통한 Enum 값 Set할 수 있게 수정
ShinYongUk,2023-02-02 20:14:11,1. 유닛 죽을 때 골드 드랍 2. 근거리 /원거리 /힐러 타입 추가(추후에 업그레이드 용) 3. 첫 시작 시 골드 30 부여
ShinYongUk,2023-01-29 11:54:41,1.  라운드 종료 시 적 유닛 초기화 2. 건물에 본인의 포인트 넣는 부분 추가 3. 스킬쪽 버그수정 + center(5/5) 기준 계산으로 변경 4.  스킬에도 유닛 데이터 저장 5. 유닛에 필요한 스텟들 추가 6. 로그 추가
Riza,2023-01-28 22:50:49,1. InGame UI Scene/ 이벤트 작업 2. DisplayData Text 값 나오도록 수정
Riza,2023-01-28 22:37:58,1. Util 기능 추가
Riza,2023-01-28 21:52:23,1. 건물 체크 보완 2. 전투 - 스킬쪽 버그 수정 3. 로그 추가 4. 깃 이그노어 추가
ShinYongUk,2023-01-28 11:24:19,1. 스킬 Range Editor 기능 추가 2. 스킬range scriptable object로 변경
ShinYongUk,2023-01-27 22:23:12,1. 포인트별로 각 포인트간의 실거리 데이터 추가 2. 유닛별로 적/아군 유닛 찾는 부분 수정 3. 스킬 거리 측정 실거리기준으로 변경 4. 포인트도 실거리 기준으로 구하는걸로 변경
ShinYongUk,2023-01-27 20:56:38,1. 캐슬 관련 스크립트 추가 2. 사거리 체크용 거리 데이터 추가 3. 유닛팩토리 분기처리
ShinYongUk,2023-01-27 19:51:51,1. 이동 경로 체크 하는 부분 추가
Riza,2023-01-24 23:16:44,1. InGame에 필요한 Prefab/ Scene 작업 2. Unit 생성 3. 길찾기 알고리즘 버그 1차 수정
ShinYongUk,2023-01-24 22:37:33,1. 쓸모없는 파일 제거
ShinYongUk,2023-01-24 00:02:21,1. 스테이트 패턴에서 데코레이터로 구현하려 했던 부분 책임-연쇄 패턴으로 변경(그쪽이 좀더 자연스러움) 2.전역변수로 Unit을 생성자에서 받던 부분을 인자로 받게끔 변경
ShinYongUk,2023-01-23 21:03:16,1. 헷갈리는 폴더명 수정 2. State 예외 처리 추가
ShinYongUk,2023-01-23 20:35:58,1. UnitGroup -> unit으로 변경 2. 이동/ 전투 로직 State 패턴(데코레이터도 일부 사용) 사용하도록 변경 3. 폴더 정리 4. 오브젝트 풀로 parent의 default 값 설정
ShinYongUk,2023-01-22 09:14:47,1. 라운드컨트롤러 종료시 에러 수정 2. 더미 유닛 생성시 버그 수정
ShinYongUk,2023-01-21 09:01:22,1. 인게임 프리팹 생성 2. 인게임 로직 버그 수정
ShinYongUk,2023-01-20 09:26:22,1. 사용할 씬/ 보드 추가 2. 가중치 0.2로 변경
Riza,2023-01-20 09:10:20,1. InGameScene UI 1차 기반 작업 2. InGame에 사용할 스크립트 1차 제작 3. DlgInventory 스크립트 및 prefab 수정
ShinYongUk,2023-01-19 10:21:15,1. 어색한 클래스명 안쓰는 클래스 정리 2. Managers도 어드레서블을 사용해서 로드하도록 변경
ShinYongUk,2023-01-19 01:58:40,1. 이그노어 파일 수정
ShinYongUk,2023-01-19 00:56:28,1. 어드레서블 관련 gitignore 해제
ShinYongUk,2023-01-18 23:50:11,1.어드레서블 기능 추가 2. 그에따른 aws 세팅 3. 오브젝트 풀 구현
Riza,2023-01-18 22:21:23,1. 누락된 Scene meta파일
Riza,2023-01-17 22:07:57,1. Lobby UI 들 누락된 namespace 추가 2. Inventory 추가 3. DialogBase virtual 추가 4. Prefab 작업
Riza,2023-01-17 22:05:43,1. GameLobby Scene 추가 작업 2. PlayerFactory에서 Player 생성/ PlayerManager 삭제 3. 임시 Item 추가
Riza,2023-01-16 21:50:38,1. Login시 Player 생성하는 것으로 로직 변경 2. Singleton상속받는 오브젝트 임시로 부모 오브젝트 null 3. Unity LobbyLogic Scene UI 추가 작업 4. Manager Prefab 데이터 추가
ShinYongUk,2023-01-16 09:04:11,1. 어드레서블 제거(추후 재구현) 2. 안쓰는 씬 일단 제거 3. slot쪽 미싱 나는 부분 수정
ShinYongUk,2023-01-15 17:16:35,1. 블러 생성
ShinYongUk,2023-01-15 17:09:16,1. 머지후 폴더/코드 정리
Riza,2023-01-15 16:48:15,1. UI Script 디렉토리 위치 변경 2. ShopUIInfo 스크립트 생성 3. UI 스크립트 작업 마무리 4. Slot 프리팹 생성
Riza,2023-01-15 16:43:26,1. 종족 Enum값 추가 및 수정 2. Slot으로 사용할 ItemInfo 생성 3. Item 데이터 수정
ShinYongUk,2023-01-15 14:38:04,1. 다이얼로그 추가 2.코드 정리 3. 폴더 정리 4. 매니저/ 로직 프리팹 생성 후 씬 배치
ShinYongUk,2023-01-15 10:45:24,1. 스크립트 정리
ShinYongUk,2023-01-15 09:47:12,1. 폴더 구조 변경 2. 안쓰는 스크립트 삭제 3. 스크립트 정리
ShinYongUk,2023-01-14 11:14:08,1. 프리팹 탐색기 추가
Riza,2023-01-14 10:46:27,1. 함수테스트기 추가
ShinYongUk,2023-01-14 09:58:04,1. 세팅 드로어에 +/- 버튼 추가(기존방식은 숫자 바꿀때 데이터가 날라가버림)
ShinYongUk,2023-01-13 17:44:20,1. ItemManager 구현 2. 세팅매니저에서 세팅값 가져갈 수 있도록 구현(깊은복사)
Riza,2023-01-11 02:13:50,1. MainLobbyLogic 순서 변경 2. LoginUI에서 Exit 버튼 이벤트 삭제
Riza,2023-01-10 12:34:11,1. WealthManager에 있는 데이터 Player로 이동
Riza,2023-01-10 12:30:05,1. User 커밋시 누락된 meta 파일 2. GameLobby UI 작업 3. UI 스크립트 이벤트
Riza,2023-01-10 12:27:33,1. RaceType에 None 추가
Riza,2023-01-10 12:22:42,1. UserFactory 생성 2. User 스크립트 수정
ShinYongUk,2023-01-10 00:04:14,1. leave 로직 강제로 타도록 구현 2. logicbase 버그 수정
ShinYongUk,2023-01-09 22:00:22,1. Item 구조 생성
Riza,2023-01-08 15:56:56,1. UI 배치 2. Material 폴더 생성
ShinYongUk,2023-01-08 14:07:42,1. 카메라 캔버스 세팅 UI
Riza,2023-01-08 13:41:57,1. Point/Navigation 수정 2. Asset UI 추가 3. Lobby 작업
Riza,2022-12-29 18:45:57,Spline 에셋 커밋/ 유닛그룹 스크립트 이동부분 일부 수정
ShinYongUk,2022-12-28 22:10:52,1. SensorManager 경로 이동
ShinYongUk,2022-12-27 22:01:12,1.Setting 유틸 구현
ShinYongUk,2022-12-23 11:34:38,1. 게임에 사용할 임시 프리팹 1차 생성
Riza,2022-12-20 13:03:31,1. 다익스트라 함수 내부 조건문 수정
Riza,2022-12-19 17:36:11,WealthManager 생성(gold/ playerMp)/ MainManager 연결
Riza,2022-12-19 16:23:53,1. Navigation 수정
Riza,2022-12-19 16:09:23,1. Point 멤버변수 parentPoint와 totalWeight를 Navigation 클래스로 이동 2. 길찾기 알고리즘 수정 3. Navigation Interface 삭제
Riza,2022-12-19 11:01:32,1. List에서 Queue로 return값 변경 2. 함수 분리
ShinYongUk,2022-12-19 00:15:41,1. 스폰 잘못된 부분 수정 2. ally -> 본인 유닛만 만들도록 일단 수정
ShinYongUk,2022-12-18 23:21:45,1. meta 미포함 된 데이터 추가
ShinYongUk,2022-12-18 23:19:52,1. 웨이브 구현 2. 인게임 컨트롤러 구현 3. 스폰 구현
ShinYongUk,2022-12-17 18:16:08,1. PairClass Sort 구현
ShinYongUk,2022-12-17 17:21:05,gitignore수정/ 메타파일 커밋
ShinYongUk,2022-12-17 16:46:15,1. PairClass 구현
ShinYongUk,2022-12-16 22:44:47,1. 시간 테스터기 추가
ShinYongUk,2022-12-15 22:22:59,csv parsing 방식 task -> callback으로 변경
ShinYongUk,2022-12-14 18:56:57,ResData 생성
ShinYongUk,2022-12-13 18:41:06,사용중인 오브젝트 관리 리스트/ 오브젝트 풀에 되돌리는 기능
ShinYongUk,2022-12-12 23:20:47,1. 아군 스폰포인트 지정
ShinYongUk,2022-12-12 23:20:10,1. 스폰 포인트 지정(적)
ShinYongUk,2022-12-12 23:02:28,1. 로비로직 추가 2. UI도 로비로직 base 추가 3. datadisplay/ toggler status 상태에 따라서 on/off 되는 부분 제거 -> 대신 필요하다면 uibase 에 등록하고 그 값을 토글러로 바라보도록 수정하면 됨
ShinYongUk,2022-12-11 13:55:08,아트 리소스 폴더 생성
Riza,2022-12-11 12:34:00,다익스트라 이용한 이동 알고리즘 구현
ShinYongUk,2022-12-11 11:11:01,1. NextStatus 이상한 부분 수정 2. 적 플레이어 생성 -> 플레이어 매니저에서 다같이 하도록 3. 라운드 생성자에서 프록시에 등록 4. static으로 잘못 선언된 부분들 수정 5. UnitGroup에 있는 경로 Queue로 수정
ShinYongUk,2022-12-10 14:33:16,어드레서블 세팅 자동화/ csv 파싱/ gameobject 오브젝트 풀링
ShinYongUk,2022-12-10 14:19:17,어드레서블 레거시 세팅 정리
ShinYongUk,2022-12-09 20:23:53,깃이그노어 추가
ShinYongUk,2022-12-08 20:20:51,DataManager 구조 구현
ShinYongUk,2022-12-08 13:39:56,대상으로 이동/ 줌인/ 줌아웃 함수 구현
ShinYongUk,2022-12-07 13:59:25,카메라 줌/ 터치 이동/ 흔들림 구현
ShinYongUk,2022-12-06 19:05:53,1. depth 추가 2. board mono라서 생성자 제거
ShinYongUk,2022-12-05 20:11:43,1. 유닛 생성 부분 일부 구현
ShinYongUk,2022-12-05 19:55:40,1. 라운드 로직 흐름 일부 구현 2. 유닛 생성하는 부분 일부 구현
ShinYongUk,2022-12-05 19:27:08,1.  적/아군 플레이어 추가 2. 스킬 그룹 추가(스킬 우선순위) 3. 스킬 로직 일부 수정 4. 공격 맞는 부분 로직 수정
ShinYongUk,2022-12-05 18:26:38,1. 이동 함수 로직 변경 2. 이동 미구현 기능 구현
ShinYongUk,2022-12-05 18:01:21,1. 이동 시 아군 유닛이 있으면 계속 이동
Riza,2022-12-05 17:58:36,다익스트라 알고리즘 Board와 Point 수정
Riza,2022-12-05 17:58:11,다익스트라를 활용한 이동 알고리즘 초안
Riza,2022-12-05 17:58:07,A*알고리즘에서 다익스트라 알고리즘으로 변경으로 인한 수정
Riza,2022-11-30 23:48:18,이동 알고리즘 일부 수정
ShinYongUk,2022-11-30 08:17:42,1. showStatus 플래그 형태로 수정해서 여러 상태 체크 가능하도록 변경
ShinYongUk,2022-11-30 07:34:27,1. 로비에서 인게임으로 넘어갈 때 미리 RoundLogic 만들고 넘어가는 방식으로 바꿈 2. UIBase에도 상태값 기준으로 enable 될 수 있게 수정
ShinYongUk,2022-11-29 22:41:51,1. 씬파일 roundlogic 추가한거 커밋
ShinYongUk,2022-11-29 22:38:48,1. 예외처리 추가 2. awake에서 start로 변경 -> 라이프사이클에 의한 문제 방지 3. singleton에 오브젝트 파괴하는거 디폴트값 변경
ShinYongUk,2022-11-29 22:06:07,1. PlayRoundLogic 구현 2. UI쪽에 PlayRoundLogic Status 체크해서 UI on/off 할 수 있도록 추가
ShinYongUk,2022-11-28 14:59:02,1. NotifyObserver 특정 dataName 이름을 입력 하지 않을 경우 전체 observer 업데이트 해주는 기능 추가
ShinYongUk,2022-11-28 14:43:25,1. 데이터 컨테이너/ 아이템 속성 추가 2. 해당 속성으로 구현된 필드나 프로퍼티는 인스펙터창에서 리스트형태로 선택가능 3. 데이터 옵저베이블에서 프로퍼티도 쓸 수 있도록 변경 4. Awake에서 Start로 옵저버 등록함수 실행시점 변경 5. 데이터 토글러(active 상태 변경) 추가
ShinYongUk,2022-11-27 13:01:02,1. 데이터 토글러(setactive 변경) 추가
ShinYongUk,2022-11-27 11:40:26,1. 데이터 옵저베이블 기능 추가 2. 세이브 데이터용 클래스 정리 3. UI에서 사용할 데이터 디스플레이어 추가(데이터가 바뀌면 자동으로 UI도 변경해주는 클래스)
ShinYongUk,2022-11-26 10:15:15,1. 방향 구할 때 타겟 포인트(이동할 지점)이 없는 경우 정면을 반환하도록 예외처리 2. StopCoroutine이 즉시 실행 개념이 아니라 이벤트 등록 후 yield retun 까지 처리 한 후 멈추는 개념이라 yield break 문을 추가해서 아래쪽 코드가 실행 안되게 처리
ShinYongUk,2022-11-25 09:40:46,1. 일부 스크립트 파일 위치 변경(구조상 어색한 스크립트) 2. 공격타입(all/ point 추가) 3. 건물/유저/플레이어/라운드 오브젝트용 스크립트 추가 4.UnitGroup에 방향 추가 5.DataProxy 클래스 추가 6.UIBase 스크립트 추가(구현은 아직)
Riza,2022-11-25 00:09:03,1. Board(Map)를 위한 Point스크립트 수정 2. Board(Map) 스크립트 작성
ShinYongUk,2022-11-24 21:43:56,1. 스킬메이커/ 세이브/로드 용 인터페이스 추가 2. 데이터 컨테이너 클래스 추가(현재는 세이브할 오브젝트는 이거 상속시키는 개념.. 나중에 observable 기능이 추가되면 그것도 이걸로 사용)
ShinYongUk,2022-11-23 23:12:31,1. 기본 공격이 Skill로 전환되면서 Point에 들어갔던 전투관련 로직이 UnitGroup으로 이동 됨 2. 유닛 그룹이 타입별로 추가됨 ex. ArcherUnitGroup -> 중거리 기본공격스킬 세팅 -> 중거리 공격
ShinYongUk,2022-11-23 20:11:14,1. Enum 정리 2. Template폴더로 스크립트 정리 3. Singleton/ MonoSingleton 분리 4. 아직 미구현된 부분 주석처리(추후 개발되면 주석 해제)
Riza,2022-11-23 17:41:38,임시 헌터 클래스
ShinYongUk,2022-11-23 08:08:55,1. 접근지정자 수정 2.유니티에 스크립트 넣은 후 에러 나는 부분 수정(using 지시문 추가 등..)
ShinYongUk,2022-11-22 23:49:50,1. 목표 지점에 도착 이후 while 종료 되도록 추가 2. 이후 목표지점 초기화
ShinYongUk,2022-11-22 23:40:12,1. Skill/ Unit Point 기본 틀 구현 2. 오브젝트 생성에 사용할 Factory 기본 틀 구현
ShinYongUk,2022-11-21 16:15:07,Initial commit